accommodates,bathrooms,bedrooms,beds,price,minimum_nights,maximum_nights,number_of_reviews
4,1,1,2,160,1,1125,0
6,3,3,3,350,2,30,65
1,2,1,1,50,2,1125,1
2,1,1,1,95,1,1125,0
4,1,1,1,50,7,1125,0
4,1,2,4,99,1,1125,0
4,2,2,2,100,3,1125,0
2,1,1,1,100,1,1125,0
2,1.5,1,1,38,2,180,1
2,,1,1,71,2,365,4
4,1.5,2,2,97,4,1125,5
1,1,1,1,55,3,1125,1
2,1,1,1,50,2,14,0
2,1,0,1,99,7,1125,0
2,,1,1,60,2,1125,2
2,1,1,1,52,1,1125,1
1,1,1,1,23,1,1125,1
2,1,1,2,200,1,1125,0
4,1,2,2,40,1,1125,0
2,1,1,1,135,1,1125,0
2,1,1,1,100,1,1125,0
2,1,1,1,225,1,1125,0
7,3,4,3,129,14,1125,0
1,1,1,1,149,3,31,46
4,1,1,2,150,2,365,84
4,1.5,1,1,175,1,1125,25
3,1,2,2,239,5,1125,4
4,1,1,2,65,2,1125,2
2,1,1,1,71,2,14,83
2,1,1,1,80,1,1125,19
4,2.5,1,3,250,1,730,94
2,1,1,1,138,1,365,47
2,1,1,1,94,2,21,150
5,2.5,2,2,283,3,1125,15
3,1,1,3,127,3,16,0
6,1,1,3,79,1,365,69
3,1,1,1,110,1,1125,1
6,1,1,6,38,1,1125,2
9,2.5,3,5,480,3,1125,5
6,2,2,3,372,3,1125,33
3,1,1,2,125,1,30,11
2,1,1,1,89,1,1125,3
1,1,1,1,80,1,1125,5
5,1,0,3,90,3,999,29
3,1,0,2,110,2,1125,32
3,1,2,3,100,3,1125,1
4,2,2,2,250,1,100,15
1,1,1,1,55,1,1125,0
3,1,1,2,55,1,1125,5
2,1,1,1,400,2,4,0
1,1,1,1,35,1,1125,0
4,2,2,2,160,2,8,5
4,2.5,2,2,130,2,1125,1
1,1,1,1,50,1,1125,0
2,1,1,1,150,1,1125,0
2,1.5,1,1,40,1,1125,9
2,1,1,1,45,1,1125,0
2,2.5,1,1,55,2,1125,0
2,1,1,1,200,1,1125,1
2,1,1,1,65,1,1125,4
4,1.5,1,1,94,1,31,18
1,1,1,1,65,1,1125,2
5,1.5,1,1,64,1,90,115
2,1,1,1,59,1,1125,18
1,,1,,125,1,1125,0
3,1.5,1,1,74,1,90,33
3,1,1,1,69,1,1125,8
1,1,1,1,49,1,1125,1
2,1,1,1,60,1,365,0
2,1,1,1,69,1,1125,19
4,1,1,2,157,2,1125,3
3,1,1,1,128,1,1125,9
2,1,1,1,135,6,1125,6
2,1,1,1,90,2,1125,6
2,1,1,1,102,5,31,6
3,1,1,1,99,1,19,0
2,1,1,1,195,1,1125,1
4,1,1,2,160,1,1125,59
2,1,1,1,95,1,1125,1
2,1,1,1,120,1,1125,0
6,2,2,3,249,2,180,0
2,1,1,1,88,3,1125,1
2,1,1,1,90,1,1125,2
2,1,,1,150,1,1125,0
2,1,1,1,125,1,1125,0
2,1,1,1,85,3,14,145
3,1,1,2,400,1,1125,0
2,1,1,1,120,2,1125,8
10,2,4,4,215,2,1825,29
2,0.5,1,1,90,2,4,0
2,1,1,1,50,2,240,23
5,1,1,2,100,1,1125,12
4,2,2,2,65,1,1125,0
2,1,1,1,55,2,30,4
8,2.5,3,1,129,1,5,58
1,1,1,1,45,1,1125,4
5,2,2,2,299,3,365,34
5,2,2,2,309,4,365,8
7,1,2,4,375,1,1125,0
4,2,2,3,180,7,21,48
4,1,1,1,149,3,1125,32
5,2,2,3,337,3,1125,6
4,2,2,2,299,3,730,7
3,1,1,1,249,4,365,6
3,1.5,0,1,126,2,1125,5
2,1,1,1,99,1,1125,1
4,2,2,2,299,3,365,2
2,1,1,1,199,7,1125,1
3,1,1,3,89,1,1125,1
2,1,0,1,165,1,1125,0
4,2,2,2,309,4,365,1
2,1,0,1,115,1,1125,0
4,1,1,2,130,1,1125,85
2,2,1,1,95,1,1125,0
1,1,1,1,50,2,1125,6
3,1,1,1,569,3,1125,0
1,1,1,1,55,20,21,0
2,1.5,1,1,49,1,1125,3
4,1,2,2,250,3,1125,4
2,,1,1,198,7,365,0
5,2,2,3,311,3,1125,3
2,1,0,1,95,2,29,35
1,1,1,2,59,1,1125,1
2,1,1,1,167,5,1125,31
3,1,1,1,165,1,1125,0
3,1.5,1,1,104,2,1125,11
2,,1,1,99,1,1125,169
4,1,1,3,159,1,1125,0
2,1,0,1,190,3,1125,13
3,1,1,2,246,3,1125,0
3,1,1,2,200,2,1125,14
3,1,1,2,215,1,1125,34
4,2,2,2,450,1,1125,0
3,1,1,1,234,3,1125,0
2,1.5,1,1,110,2,1125,33
4,2,2,2,225,3,30,0
3,1,1,1,249,4,365,4
2,1,1,1,109,1,1125,0
4,2,2,2,250,3,1125,1
4,1,1,1,135,2,1125,2
3,2,1,2,87,2,30,2
4,1,1,1,210,1,90,103
10,2,3,6,300,3,1125,5
2,1,0,1,189,4,365,0
2,1,1,1,120,1,1125,0
2,1,1,1,200,1,1,1
3,1,1,2,269,1,1125,6
3,1,1,1,569,3,1125,0
4,2,2,2,120,1,1125,3
1,1,1,1,109,2,5,1
3,1,1,1,150,2,1125,4
3,1,1,1,95,2,1125,70
4,1,1,2,119,1,20,0
2,1,1,1,97,1,1125,2
2,1,1,1,99,1,4,51
2,1,1,1,295,1,1125,28
2,1,1,1,149,2,1125,9
2,1,1,1,110,1,1125,10
5,1,2,3,180,2,366,1
2,1,0,2,150,3,1125,3
6,1,0,3,150,3,100000,24
5,2.5,2,2,155,2,1125,23
3,1,1,2,85,3,30,338
2,1,1,1,130,1,1125,4
3,1,1,1,120,1,1125,3
2,1,1,1,90,2,1125,12
2,1,1,2,149,1,1125,47
3,1,1,1,569,3,1125,0
4,1,1,1,180,1,1125,6
1,1,1,1,55,1,14,1
4,1,1,1,229,2,720,29
2,1,1,1,75,1,1125,2
3,1,1,1,569,3,1125,0
2,1,1,1,105,1,1125,245
2,1,1,1,259,4,365,3
2,1,1,1,120,2,1125,1
3,1,1,2,119,5,1125,3
2,1.5,1,1,139,1,1125,0
1,1,1,1,90,1,1125,0
1,1,1,1,109,3,1125,34
4,1,1,2,150,2,90,25
5,1,0,3,295,3,999,45
3,1,1,1,210,1,365,57
6,1.5,2,2,329,3,999,21
2,1,0,1,125,2,7,0
2,1,1,1,150,1,1125,1
3,1,1,2,175,2,15,139
3,1,1,2,129,1,1125,7
2,1,1,1,239,5,730,0
2,1,1,1,250,2,1125,17
4,1,1,2,168,1,1125,136
2,1,1,1,79,2,1125,2
1,1,1,2,65,2,1125,0
4,2,2,2,290,3,365,32
6,1,1,3,725,5,30,0
2,1,1,1,109,1,1125,5
4,1,1,2,99,1,1125,3
3,1,1,1,569,3,1125,0
4,1,1,2,120,3,20,3
2,1,1,2,290,1,1125,1
3,1,1,1,145,1,31,5
4,1,1,1,210,1,90,87
1,1,1,1,90,1,1125,2
2,1,1,1,99,1,1125,2
4,1,1,1,399,1,1125,16
2,1,1,1,239,4,730,0
2,1,1,1,150,1,1125,4
1,1,1,1,199,7,1125,1
2,1,1,1,135,5,20,27
4,1,1,1,295,1,1125,20
5,2,2,3,429,3,1125,0
8,2.5,4,4,400,3,1125,26
6,2,2,3,295,1,1125,43
4,1.5,1,2,179,2,730,163
4,2,2,2,309,4,365,23
3,2,1,2,90,6,22,0
2,1,1,1,43,1,1125,10
1,1,1,1,120,2,3,0
4,1,2,2,269,2,1125,5
2,1,0,1,150,2,365,73
2,1,1,1,269,3,365,3
4,1,1,1,185,3,90,8
2,1,1,1,120,7,365,1
8,2,2,3,220,1,1125,0
3,1,1,2,99,3,1125,4
2,1,1,1,99,1,1125,0
4,1,1,2,250,1,1125,6
2,1,1,1,249,3,365,4
3,1,1,2,259,3,1125,2
5,2,2,2,300,1,1125,2
3,1,1,1,289,5,730,1
2,1,0,1,200,1,1125,15
2,1,1,1,249,3,365,0
1,1,1,1,81,1,1125,1
2,1,1,1,200,2,1125,0
8,1,2,4,194,1,1125,8
2,1,1,1,89,3,1125,3
2,1,1,1,159,4,1125,18
2,1,0,1,85,3,6,1
4,1,1,1,100,1,1125,18
2,1,1,1,189,3,30,0
3,2,1,1,150,1,2000,1
5,1,2,3,175,2,1125,2
2,1,1,1,120,4,1125,1
3,1,1,1,155,2,1125,1
5,2,2,2,629,3,1125,0
5,2,2,3,311,3,1125,3
3,1,1,1,571,3,1125,0
6,2,2,2,339,3,730,47
4,1,1,2,210,1,60,28
4,2,2,2,299,4,365,2
2,1,1,1,170,1,10,18
1,1,1,1,135,1,1125,0
4,1,2,2,245,1,1125,3
3,1,1,1,249,3,730,1
2,1,1,1,99,1,30,5
4,1,0,1,149,3,31,0
1,1,1,1,99,3,1125,8
6,2,2,2,295,1,1125,50
6,2,2,2,400,1,1125,0
1,1,1,1,65,1,1125,0
1,1,1,1,99,4,365,54
8,1,2,4,179,1,1125,35
4,1,1,1,150,1,1125,53
4,1,1,1,140,2,1125,4
3,1,1,1,179,2,1125,1
2,1,1,2,135,2,90,4
3,1,1,2,250,4,7,0
2,1.5,1,1,95,1,28,44
6,1,2,2,170,2,1125,2
5,2,2,2,299,4,365,5
2,1,1,1,150,7,14,1
4,1.5,1,1,250,1,1125,12
2,1,0,1,105,1,1125,11
3,1,1,1,120,1,1125,3
3,1,1,1,399,3,1125,0
5,2,2,2,629,3,1125,0
3,1,1,1,569,3,1125,0
2,1,1,1,70,1,1125,9
2,1,0,1,110,2,14,6
3,1,1,2,259,3,1125,4
2,1.5,1,1,99,3,1125,12
8,1.5,3,3,289,1,1125,14
4,1,1,2,124,4,1125,3
2,1,1,1,259,4,730,1
2,1,0,1,80,1,1125,0
2,1,0,1,96,3,1125,12
4,1,2,2,189,2,365,47
3,1,1,1,289,4,1125,0
3,1,1,1,299,4,365,0
6,1,2,2,170,2,1125,9
2,1,1,1,130,2,1125,0
4,1,1,1,149,4,1125,2
3,1,1,2,259,3,1125,0
6,2,2,3,349,2,1125,19
2,1,1,1,78,1,1125,8
2,1,0,1,125,1,1125,1
2,1,1,1,95,1,1125,7
2,1,0,1,130,2,180,19
2,1,1,1,72,2,1125,22
4,1,1,2,175,14,365,3
3,1,1,2,246,3,1125,1
3,1,0,1,140,1,1125,8
2,1,0,2,65,1,1125,2
2,1,0,1,125,2,1125,42
4,1,1,1,85,1,1125,2
3,1,1,1,309,3,730,3
3,1,1,1,569,3,1125,0
4,1,0,2,150,2,1125,1
4,,2,2,279,4,1125,5
4,1,1,2,154,2,365,35
4,1,1,2,165,2,1125,17
3,1,1,2,149,3,93,25
2,1,0,1,104,1,1125,2
1,1,1,1,125,2,5,5
3,1,1,2,259,3,1125,0
3,1,1,1,155,1,1125,0
2,1,1,1,259,4,730,2
3,1,1,1,189,6,30,30
4,1,1,1,110,1,1125,12
1,1,1,1,58,1,1125,14
2,1,1,1,68,4,365,7
4,2,2,2,309,4,365,5
2,1.5,1,1,160,5,1000,1
2,1,1,2,80,1,1125,0
3,1,1,1,569,3,1125,0
4,1,1,1,103,1,1125,0
5,2,2,2,629,3,1125,0
5,2,2,3,324,3,1125,5
2,1,0,1,90,7,1125,2
4,2,2,2,329,3,365,8
4,2,2,2,299,3,1125,3
5,2,2,2,349,4,365,10
3,1,0,1,95,1,1125,0
3,1,1,1,189,6,30,22
5,2,2,3,324,3,1125,2
4,1,0,1,100,4,180,1
4,2,2,2,299,3,1125,2
4,1,1,1,215,2,5,0
5,2,2,2,319,4,365,10
2,1,,1,155,3,1125,6
3,1,1,1,209,5,730,3
2,1,1,1,249,4,730,0
4,2,2,2,329,4,365,0
2,1,0,1,99,1,1125,6
5,2,2,3,324,3,1125,2
4,1,2,2,168,2,29,0
4,1.5,2,2,215,2,1125,2
2,1,0,1,159,3,365,9
5,2,2,2,629,3,1125,0
5,2,2,2,629,3,1125,0
2,1.5,1,1,89,2,1125,1
1,1,1,1,36,1,1125,30
2,1,0,1,100,1,1125,0
2,1,1,1,115,1,5,10
2,1,,1,239,7,365,1
1,1,1,1,100,1,10,0
3,1,1,1,189,5,730,0
2,1,0,1,159,3,1125,2
1,1,1,1,100,1,1125,0
1,1,1,1,100,1,1125,28
2,1,1,1,160,3,1000,6
2,1.5,1,1,130,1,1125,0
4,1,1,2,125,2,1125,24
3,1,0,2,115,2,1125,63
4,1,1,2,189,3,14,6
4,1,1,2,140,1,1125,0
4,1,1,2,1000,2,5,0
3,1,1,2,165,1,1125,19
2,1,0,1,115,2,26,4
3,,1,1,249,3,365,1
2,1,1,1,132,3,1125,1
2,1,1,1,189,1,1125,10
1,1,1,1,79,1,1125,0
2,1,1,1,239,3,365,1
2,1,1,1,150,7,1000,3
3,1,0,2,96,3,50,6
2,1,1,1,139,4,45,6
2,1,0,1,99,2,15,21
1,1,1,1,56,1,1125,0
3,1,,1,219,4,1125,0
2,1,1,1,295,25,1825,0
1,1,0,1,100,6,1000,6
3,1,0,1,229,2,1125,0
6,2,2,3,300,1,1125,8
2,1,0,1,120,1,1125,6
2,1,0,1,105,3,1125,10
2,1,0,1,108,2,1125,6
4,1,0,2,118,1,1125,5
6,2,3,3,310,1,1125,18
4,1,1,1,100,1,1125,12
6,2,2,2,188,1,9999999,3
1,1,1,1,65,7,1125,0
4,1,0,2,116,1,3,25
3,1,1,1,149,1,1125,1
2,1,1,1,150,2,1125,9
2,1,1,1,70,1,1125,0
2,1,1,1,130,5,10,2
1,1,0,1,95,5,600,21
3,1,0,2,165,7,18,0
2,1,1,1,155,4,1125,4
5,2,2,3,324,3,1125,5
2,1,0,1,150,2,1125,52
2,1,1,1,109,2,1125,0
2,1,1,1,110,2,7,0
5,2,2,3,324,3,1125,0
2,1,1,1,60,2,1125,10
2,1,0,1,160,3,1125,11
3,1,0,2,95,1,1125,3
3,1,0,1,128,2,1125,2
1,1,1,1,50,1,365,2
6,2.5,3,6,75,7,7,0
2,1,1,1,135,3,1125,1
3,1,1,1,249,4,365,0
2,1,1,1,120,1,10,0
5,1,1,1,179,3,12,13
1,1,1,1,53,1,1125,1
2,1,0,1,115,1,1125,63
1,1,1,1,70,7,1125,0
4,1,1,2,159,4,365,33
2,1,1,1,209,4,730,2
3,1,1,2,50,2,1125,3
2,1,1,1,175,1,30,1
3,1,1,2,130,1,1125,14
9,2.5,5,5,329,3,1125,0
1,1,1,1,64,1,1125,4
2,1,1,1,70,1,1125,2
2,1,1,1,80,3,730,77
5,2,3,3,800,1,1125,0
4,1,1,1,41,1,1125,1
2,1,1,1,55,2,1365,0
4,1,1,1,65,1,1095,1
3,1,1,1,42,1,1125,3
6,2.5,1,4,60,1,1125,0
2,1,1,1,39,2,1125,0
6,2,2,2,300,2,1125,2
2,1,1,1,100,2,1125,0
1,1.5,1,1,60,2,1125,9
6,1,2,3,140,4,90,53
2,1,1,1,95,2,1125,53
2,1,1,1,150,1,1125,0
2,1,1,1,214,1,1125,16
4,1,1,2,129,2,1125,362
2,1,0,1,100,1,1125,0
2,1.5,1,1,120,1,1125,13
4,1.5,2,2,399,1,1125,27
2,1,1,1,84,3,21,36
2,1,1,1,110,2,1125,6
5,2,2,2,200,2,1125,0
4,1,0,2,120,1,1125,9
2,1,1,1,83,1,1125,6
6,1,1,3,79,1,365,117
7,2,4,4,299,1,1125,2
3,1,1,2,207,3,1125,2
2,1,1,1,55,2,1125,19
2,1,1,1,85,2,7,102
2,1,1,1,135,3,1125,5
3,1,1,1,100,1,1125,7
4,1,1,1,70,2,365,6
3,1,0,1,100,1,8,2
4,2,2,2,230,3,29,29
2,2,1,3,140,1,1125,6
6,2,3,3,495,2,1125,11
2,1,1,1,115,1,1125,1
1,1,1,1,65,1,1125,0
2,1,0,1,115,3,14,72
2,1,1,1,99,1,1125,2
2,1,0,1,158,2,1125,22
10,4.5,4,5,399,2,1125,0
2,1.5,1,1,150,1,1125,0
4,2,2,2,289,7,730,1
4,1,2,2,150,2,14,43
2,1,1,1,350,5,14,3
5,2,2,3,298,3,1125,2
1,1,1,1,70,1,1125,2
2,1,1,1,130,2,1125,4
2,1,1,1,100,3,1125,22
2,1,1,1,125,3,10,12
3,1,1,2,150,2,1125,7
1,1,1,1,95,1,1125,0
3,1,1,2,130,3,1125,44
3,1,1,1,250,2,1125,0
4,1,1,1,175,1,1125,0
2,1,1,1,69,14,28,2
2,1,1,1,175,1,1125,4
2,1,1,1,85,1,1125,2
4,1,2,2,180,5,25,1
6,1,2,3,150,4,90,84
3,1,1,1,139,1,1125,52
2,1,1,1,111,1,1125,6
2,1,1,1,95,1,1125,3
1,1,1,1,85,1,1125,5
3,1,1,1,115,7,1125,11
4,2,2,2,199,7,180,13
2,1,1,1,150,2,1125,7
4,1,1,1,115,2,29,49
1,2.5,1,1,99,2,365,120
2,1,0,1,85,1,1125,0
2,1,1,1,193,3,1125,2
5,2,2,3,298,3,1125,5
1,1,1,1,63,1,1125,15
8,2.5,3,5,299,1,1125,1
4,1,1,1,185,3,90,3
4,1.5,2,2,120,1,5,3
2,1,1,1,125,1,365,5
2,2,1,1,110,1,1125,13
1,1.5,1,1,93,1,1125,35
2,1,0,1,80,1,1125,10
2,1,1,1,195,2,1125,13
2,1,1,1,90,1,1125,47
4,2,2,2,250,1,60,15
2,1,1,1,225,2,14,0
3,1,1,1,135,2,365,44
2,1,1,1,259,3,365,3
2,1,0,2,60,5,19,0
2,1,1,1,60,1,1125,4
2,1,0,1,100,3,300,2
4,1,1,1,100,3,4,5
3,1,1,1,109,2,5,1
10,1.5,3,4,312,2,1125,1
4,1,0,2,175,3,30,8
4,2,2,2,375,1,8,0
2,1,1,1,71,2,1125,4
2,1,1,1,110,1,1125,0
2,1,1,1,75,2,1125,3
4,1,1,3,150,1,1125,11
4,1,1,1,120,2,4,20
4,1,1,2,119,3,1125,1
2,1,1,1,200,2,1125,5
12,3,5,6,600,1,1125,0
3,1,0,2,175,3,90,0
2,1,1,1,119,2,1125,1
3,1,1,2,209,1,1125,2
3,1,1,2,135,1,1125,0
2,1,1,1,45,1,1125,4
8,1,2,3,250,2,1125,5
2,1,1,1,80,2,1125,9
2,1,1,1,110,1,1125,0
4,1,1,3,150,1,1125,5
1,1,0,1,105,1,1125,15
6,2,1,3,119,1,1125,0
2,1,0,1,90,1,1125,1
12,3.5,4,4,340,2,1125,0
2,1,0,1,180,1,1125,0
4,1,1,2,265,1,1125,15
2,1,0,1,105,1,1125,2
4,3,1,2,240,3,30,0
2,1,1,1,98,4,1125,4
2,1,1,1,112,6,22,1
3,1,1,1,110,2,1125,114
4,1,1,3,140,1,1125,6
1,1,1,1,70,5,1125,4
5,1,1,4,229,3,365,16
4,2.5,2,2,162,1,1125,14
2,1,0,1,102,2,9,5
2,1.5,1,1,73,2,1125,40
4,1,1,2,190,2,1125,15
6,1,1,3,149,2,1125,215
2,1.5,1,1,80,2,1125,1
2,1.5,1,1,99,2,1125,6
2,1,0,1,120,1,31,89
5,1,1,2,150,3,14,18
14,3,5,7,599,1,1125,0
1,1,0,1,62,14,1125,1
2,1,1,1,50,1,1125,1
5,1.5,2,2,240,1,14,16
2,1,1,1,139,5,1125,6
2,1,0,1,150,1,1125,0
5,1,2,2,250,4,15,2
1,1,1,1,68,1,1125,16
4,2,2,2,299,4,365,3
13,3,6,8,720,1,1125,1
2,1,1,1,200,1,1125,10
2,1,1,1,71,1,1125,1
2,1,1,1,125,1,4,149
6,1,2,2,145,1,1125,54
2,1,,,130,1,2,1
3,1,1,2,185,2,14,1
7,1,2,6,225,1,1125,11
4,2,2,2,130,1,1125,1
6,1.5,2,2,178,1,1125,4
1,1,1,1,80,3,32,98
1,1,1,1,90,3,1125,20
2,1,2,1,125,1,3,7
4,1,1,2,120,2,1125,85
1,1,0,1,80,3,9,0
2,1,1,1,100,2,1125,0
2,1,1,1,105,2,7,18
2,1,0,1,128,1,1125,7
6,1,2,4,300,1,1125,5
4,1.5,2,2,275,4,1125,19
3,1,1,1,200,2,1125,2
5,1,2,3,280,2,40,11
2,1.5,1,1,99,2,1125,20
5,2,2,2,175,1,1125,1
1,1,1,1,97,1,1125,15
3,1,1,2,130,3,1125,23
2,1,1,1,215,2,14,0
2,1,1,1,75,14,30,4
4,1,1,2,185,2,14,1
1,1,1,1,70,1,1125,19
2,1,0,1,97,1,1125,0
3,1,1,1,130,2,1125,2
2,1,1,1,120,1,1125,3
4,1,1,1,110,2,2,1
2,1.5,1,1,225,2,1125,2
4,1,1,3,140,1,1125,6
2,2,1,1,160,1,1125,8
2,1,1,1,125,1,110,116
2,1.5,1,1,150,3,1125,4
1,1,1,1,90,2,1125,4
16,8,8,16,1250,1,1125,0
8,2.5,4,4,390,2,1125,1
2,1,1,1,100,1,60,16
2,1,1,1,150,2,6,7
4,1,1,1,95,3,365,13
7,1.5,3,4,250,1,1125,6
2,1,1,1,65,1,29,26
1,1,1,1,70,4,1125,1
7,1.5,3,4,290,2,90,36
2,1,1,1,120,1,1125,133
6,1,1,3,130,2,1125,4
2,1,1,1,84,3,21,22
2,1,1,1,129,1,1125,1
3,1,0,1,125,1,1125,2
3,1,1,1,150,1,1125,5
3,1,1,1,130,2,1125,5
2,1,1,1,210,3,20,11
6,2.5,3,3,497,1,1125,51
2,1,0,1,100,3,1125,1
6,3,2,2,300,1,1125,1
3,1,0,2,108,1,1125,1
6,2.5,2,2,300,4,1125,0
4,1,1,2,75,1,1125,4
2,1,1,1,120,1,14,15
2,1,1,1,249,4,730,0
2,1,1,1,100,1,1125,1
4,1,1,1,125,2,365,27
1,1,0,1,145,1,1125,2
4,2,2,2,330,2,1125,17
1,1,1,1,60,2,93,6
2,1.5,1,1,69,1,1125,77
4,1,1,2,130,3,1125,15
2,1,1,1,129,3,90,71
2,1,1,1,249,4,730,0
6,1,1,3,79,1,29,2
4,1,1,2,164,2,365,23
6,2,2,3,164,1,27,0
4,2,2,2,299,1,1125,9
2,1,1,1,130,2,8,10
2,1,1,1,125,2,4,8
2,1,1,1,190,2,6,0
2,1.5,1,1,125,1,3,0
2,1,1,1,65,3,365,3
2,1.5,1,1,75,2,14,15
1,2,1,1,85,1,1125,1
5,2,2,3,229,3,1125,0
15,3,6,9,500,1,28,41
6,1,1,4,250,1,14,6
5,1,1,2,117,6,1125,6
11,2.5,3,3,298,2,60,69
6,1,2,4,200,1,1125,8
4,1,1,2,110,1,1125,0
2,1,0,1,120,1,1125,38
10,3,3,6,450,2,1125,6
4,1,1,2,99,2,365,54
8,0,2,4,275,2,7,7
2,1,1,1,185,2,14,0
5,1,1,2,120,1,1125,2
2,1,0,1,150,1,1125,4
3,1,1,1,121,1,7,2
2,1,1,1,75,1,1125,0
2,1,0,1,105,4,32,26
2,1,0,1,150,1,1125,4
4,1,0,1,100,2,1125,4
4,2,2,2,249,7,365,0
5,1,2,2,275,2,1125,15
4,2,2,2,160,2,1125,12
6,3.5,3,3,475,3,1125,1
2,1,0,1,115,3,365,41
6,2.5,1,16,45,1,1125,2
6,2.5,2,2,150,3,29,51
2,1,1,1,90,3,1125,5
4,1,1,2,217,4,1125,5
2,2,1,1,97,2,14,5
14,3,5,7,399,1,1125,2
4,1,0,2,118,1,14,28
4,1,1,2,130,4,90,31
6,1,1,6,36,1,1125,11
4,1,1,1,100,1,1125,0
3,1,1,1,125,2,1125,1
7,2,1,4,300,3,1125,8
4,2,2,2,199,2,366,0
4,1.5,2,2,150,1,1125,2
2,1,0,1,125,2,10,23
2,1,1,1,110,1,30,157
4,2,2,2,320,3,1125,0
2,1,1,1,88,1,1125,1
5,3,3,2,329,1,1125,4
2,1,1,1,99,1,1125,3
1,1,1,1,59,2,1125,8
6,1,2,2,70,3,365,80
2,1,1,1,75,1,1125,0
3,1,1,3,70,1,14,9
1,1,1,1,1300,1,1125,0
1,1,1,1,58,2,20,6
2,1,1,1,55,1,1125,1
2,1,1,1,47,1,1125,50
2,1,1,1,60,1,31,36
4,1,1,2,135,2,7,4
3,1,1,2,89,4,120,75
6,1,1,5,150,1,1125,18
1,1,1,1,65,1,1125,1
5,1,1,2,109,2,365,28
4,1,,3,99,2,365,68
2,1,1,1,69,2,1125,17
4,2.5,2,2,300,7,1125,0
4,1,1,2,114,3,1125,18
1,1,1,1,100,4,1125,0
1,1,1,1,69,2,365,5
6,3.5,3,4,350,2,1125,1
1,1,1,1,100,2,180,13
1,1,1,1,115,4,1125,0
2,1,,1,99,2,365,19
1,1,1,1,43,1,1125,0
1,1,1,1,50,1,1125,0
9,2,4,4,380,3,1125,1
2,1,1,1,80,3,365,14
2,1,1,1,149,4,109,8
1,1,1,1,39,1,1125,0
3,1,1,3,50,1,1125,1
5,1,0,1,115,3,1125,15
9,3.5,5,6,850,1,1125,0
1,1,1,1,58,14,1125,0
11,4.5,6,11,650,7,1125,2
4,1,1,2,150,6,30,5
2,1,1,1,99,2,45,1
4,1,,2,110,2,365,33
1,1,1,1,40,1,1125,0
2,1,1,1,110,4,1125,0
3,1,1,1,165,1,1125,4
5,2.5,1,4,600,4,1125,0
8,4,5,6,299,2,1125,8
2,1,1,2,120,1,1125,1
6,2.5,3,4,260,3,60,28
2,1,1,1,125,1,1125,4
8,4.5,4,5,500,3,1125,8
3,1,1,2,175,1,1125,2
1,2,1,1,33,1,1125,10
3,1,1,3,40,1,1125,46
2,2,1,1,60,1,365,67
2,1,1,2,33,1,1125,34
1,1,1,1,50,1,1125,7
2,1,1,1,49,1,1125,11
1,1,1,3,38,2,1125,2
2,1,1,1,65,1,1125,2
2,1,1,1,49,1,1125,3
2,1,1,1,59,2,11,66
4,2,2,2,200,2,28,0
5,1,1,3,113,1,1125,0
8,2,4,4,250,2,1125,13
6,1,1,3,65,2,365,9
5,2.5,3,4,169,4,30,4
16,1,1,1,1000,1,1125,0
4,1,1,1,99,1,1125,0
4,1,2,2,145,3,1125,6
2,1,2,2,115,1,1125,4
2,1,1,1,100,1,1125,11
2,1,1,1,55,3,1125,4
1,1,1,1,55,1,1125,0
1,1,1,1,34,1,1125,0
4,1,1,1,99,2,365,13
4,1.5,2,2,105,1,1125,0
4,1,2,3,125,1,1125,1
2,1,1,1,44,2,1125,4
2,1,0,1,67,1,6,2
1,1,1,1,43,1,1125,0
1,1,1,1,30,1,1,1
7,1.5,3,4,192,1,1125,3
2,1,1,1,46,2,100,4
2,1,1,1,95,3,1125,0
7,2.5,3,3,175,3,1125,0
2,1,1,1,65,1,160,27
3,1,1,1,79,1,1125,5
1,,1,1,99,2,730,7
1,,1,1,99,2,730,4
6,2,3,3,299,2,29,25
2,1,1,2,135,1,1125,1
2,1,1,1,59,2,1125,26
3,1.5,1,2,94,2,31,15
4,1,1,2,99,1,31,18
2,2,1,1,70,2,1125,14
5,1,2,2,140,2,1125,11
4,1,1,2,95,1,1125,0
4,1,1,2,71,2,1125,27
2,1,1,1,74,1,1125,3
2,1.5,1,1,129,3,1125,11
2,1,1,1,150,1,4,0
2,1,1,1,70,1,1125,4
3,1,1,1,60,1,1125,6
2,1.5,1,1,79,1,32,7
2,1,1,1,79,1,1125,75
2,1,1,1,120,2,15,8
2,1,1,1,75,2,90,8
2,1,1,1,120,3,16,19
8,4,4,5,350,1,15,20
2,1,1,1,85,1,3,5
2,1,1,1,75,2,1125,4
12,2,5,5,215,2,1825,34
2,1,1,1,96,2,1125,54
6,2,2,3,165,3,1125,1
7,2,3,4,239,3,180,30
2,1,1,1,72,4,1125,24
2,1,1,1,60,1,5,23
2,1,1,2,90,1,60,33
4,1,1,1,128,1,30,85
4,1,2,2,150,1,1125,2
2,1,1,1,75,1,1125,0
5,2,2,3,350,2,1125,14
4,1,2,2,195,1,1125,6
1,1,0,1,95,5,1125,0
6,3,3,3,350,3,365,20
2,0,1,1,85,3,1125,1
3,1,1,1,139,3,1125,3
6,3,3,3,650,3,1125,0
8,3,3,3,550,3,1125,11
2,1,1,2,115,5,1125,0
6,3.5,4,4,500,1,5,0
2,1,1,1,155,3,1125,10
2,1,0,1,178,1,1125,4
2,1,1,1,155,3,1125,5
3,1,1,2,155,3,365,27
5,1,1,1,99,1,365,10
2,1,0,1,165,3,1125,1
5,2.5,2,4,375,2,1125,2
4,1,1,2,175,1,1125,7
1,1,1,1,60,10,1125,5
2,1,0,1,120,1,1125,23
2,1,1,1,300,2,1125,7
2,1.5,1,1,130,1,1125,12
2,1,1,1,300,2,1125,1
2,1,1,1,100,3,14,0
2,1,0,1,120,1,1125,0
3,1,2,2,325,3,30,17
2,1,1,1,180,1,1125,2
4,3.5,4,4,350,1,1125,0
2,1,1,1,70,1,27,4
2,1,1,1,85,1,1125,6
3,1.5,2,2,225,2,30,0
6,2,3,3,474,7,29,1
4,1,1,2,110,1,1125,1
2,1,1,1,109,1,7,3
4,1.5,2,2,300,4,1125,2
6,3.5,3,4,775,4,93,1
4,1,1,2,140,2,7,11
6,3.5,3,3,595,7,1125,4
5,1,2,5,249,1,30,7
2,1,1,1,110,1,1125,0
1,1,1,1,60,25,1125,1
4,1,2,3,201,2,90,11
1,1,0,1,95,5,1125,0
7,2.5,4,4,975,2,1125,11
2,1,1,1,179,2,1125,6
4,1.5,0,2,375,2,365,3
1,1.5,1,1,125,3,21,10
2,1,0,1,120,2,1125,8
4,1,1,2,200,2,1125,11
4,1,1,2,129,2,90,7
6,1.5,2,3,225,3,90,4
2,1,0,1,185,1,1125,4
4,1,2,3,299,3,365,4
1,1,1,1,65,7,1125,21
4,2,3,3,600,2,1125,0
4,1.5,2,2,375,1,1125,0
2,1,0,1,122,2,1125,5
3,1,1,1,300,3,1125,0
2,1,1,1,100,2,90,11
6,3.5,3,4,569,7,1125,10
3,1,1,1,124,10,365,13
2,1,1,1,150,4,1125,2
3,1,1,1,175,1,5,63
3,1,1,1,105,2,1125,1
4,1,2,1,220,4,1125,17
2,1,1,1,78,1,27,7
4,1.5,1,2,198,1,1125,14
1,1,1,1,110,7,1125,0
3,1,1,2,195,2,1125,9
6,2,3,3,249,2,20,3
5,1,1,2,161,1,1125,5
2,1.5,1,1,135,2,1125,2
2,2,1,1,185,1,1125,15
3,1,1,1,104,1,1125,10
1,1,1,1,75,3,120,7
3,1,1,2,139,3,300,16
6,1.5,2,2,350,2,1125,29
3,1.5,2,2,239,1,1125,0
5,2.5,2,3,450,2,1125,2
2,1,1,1,129,3,1125,2
2,1,2,2,100,1,1125,12
3,2.5,3,3,200,1,1125,0
2,1,1,1,130,3,1125,4
2,1,1,2,179,3,29,25
4,1.5,3,3,450,1,1125,0
6,3,2,4,475,3,1125,3
1,1,0,1,95,5,1125,0
1,1,0,1,95,5,1125,0
4,2,2,2,450,3,1125,0
2,1,1,1,90,3,1125,2
2,1,1,1,170,3,1125,12
2,1,1,1,120,2,1125,10
5,2,2,3,415,1,1125,1
3,1,1,1,175,2,1125,3
4,1.5,2,3,400,3,1125,7
1,1,1,1,65,3,120,18
2,1,1,1,65,6,1125,6
5,2,2,3,515,2,1125,0
4,1,1,2,135,2,200,36
2,1,1,1,120,2,1125,2
2,1.5,1,1,180,1,1125,0
10,3,3,5,500,3,999,11
2,1,1,1,189,1,30,2
2,1,1,1,118,5,24,0
5,1,2,2,439,2,8,11
6,1.5,1,2,220,1,1125,1
6,1,2,2,300,2,1125,32
2,1,1,1,165,1,1125,2
1,1,1,1,90,3,27,8
2,1,1,1,185,2,1125,1
2,1,0,1,125,1,1125,5
4,1,1,1,120,2,1125,0
3,1,1,1,100,2,180,24
2,1,1,1,110,2,1125,4
2,2.5,1,2,110,7,365,6
2,1,,1,135,4,365,28
3,1,1,1,220,1,1125,3
2,1,1,1,75,2,1125,0
2,1,1,1,112,1,1125,23
1,1,1,1,40,4,1125,0
4,1,2,2,250,1,4,2
2,1,1,1,150,2,1125,10
2,1,0,1,96,1,365,2
2,1,0,1,113,7,1125,2
4,1,1,1,149,4,365,19
3,1,1,1,125,1,1125,3
2,1,1,1,139,2,365,59
4,1,1,2,149,3,1125,0
2,1,0,1,179,20,1125,55
2,1,1,1,120,1,1125,0
2,1,1,1,120,1,1125,6
2,1,1,1,135,10,367,67
3,1,1,1,99,2,1125,3
6,2,2,2,220,2,30,50
3,1,0,1,150,2,1125,1
2,1,1,1,120,2,1125,0
6,4,1,4,36,2,14,2
2,1.5,1,1,150,2,120,68
4,1,2,2,172,2,365,20
2,1,1,1,70,1,1125,0
2,1,1,1,99,3,1125,2
4,1,2,2,127,2,1125,0
2,1,1,1,165,1,29,19
2,,1,1,215,3,365,93
2,1.5,1,1,269,4,730,0
3,1,1,1,119,1,4,11
4,1,2,2,150,2,1125,0
5,1,1,2,145,4,1000,74
4,1,1,2,110,7,1125,0
2,1,1,1,88,1,1125,0
2,1,1,1,74,1,1125,2
4,1,1,2,99,2,1125,1
3,1,1,1,111,1,1125,18
1,1,1,1,132,5,1125,0
3,1,1,2,175,1,1125,19
3,1,1,1,129,2,1125,30
3,1,1,1,110,2,1125,16
2,1,0,1,110,2,31,36
3,1,1,1,95,2,100,15
2,1,1,1,95,1,1125,2
6,1,2,4,199,1,1125,0
2,1,1,1,149,2,365,0
2,1,1,1,203,2,1125,12
2,1,0,1,200,1,1125,0
2,1,0,1,90,2,1125,19
2,1,1,1,99,7,1125,1
4,1,2,2,240,5,60,22
4,1,1,3,259,3,1125,7
2,1,1,1,100,4,1125,1
4,2,2,2,300,1,1125,32
2,1,1,1,150,1,1125,2
4,1,1,2,119,1,1125,1
2,1,1,1,145,2,1125,5
9,2,3,3,418,3,6,0
4,1,1,2,129,5,1125,2
2,1,1,1,210,2,1125,6
2,1,1,1,299,4,365,0
6,1,2,3,222,1,1125,9
2,2.5,1,1,115,4,1125,3
3,1,1,1,115,2,1125,17
2,1,1,1,99,7,1125,7
2,1,1,1,100,1,1125,0
2,1,1,2,130,4,50,8
2,1,1,1,139,2,1125,7
2,1,1,1,75,1,1125,3
2,1,2,1,99,1,1125,0
2,1,0,1,98,1,1125,0
2,1,0,1,115,3,25,44
2,1,1,1,215,3,7,2
6,2,2,3,179,1,27,0
2,1,1,1,199,1,1125,7
4,1,2,2,140,1,1125,2
11,5,6,6,195,2,180,1
3,1,0,1,115,1,1125,0
2,1.5,1,1,99,1,14,5
4,1.5,1,3,185,1,10,1
6,2,2,2,199,3,1125,0
3,1,1,2,139,3,180,49
6,1,1,3,225,2,1125,6
2,1,0,1,149,1,1125,22
6,4,1,6,36,2,30,7
3,1,1,1,94,4,1125,4
1,1,1,1,169,1,1125,12
4,1,1,2,175,5,1125,1
3,1,1,1,150,5,1125,2
2,1,1,1,180,1,1125,2
2,1,,1,120,2,40,24
2,1,1,1,115,30,180,28
4,2.5,2,2,170,3,120,2
2,1,1,1,100,1,1125,0
6,2,2,2,300,3,1125,10
4,2,2,2,150,3,1125,1
2,1,1,1,85,3,1125,2
2,1,1,1,69,2,1125,2
2,1,0,1,69,1,1125,18
2,1,1,1,75,1,30,0
2,1,1,1,99,2,1125,9
2,1,1,1,149,3,191,30
2,1,1,1,100,2,1125,1
2,1,1,1,130,1,1125,100
2,1,1,1,90,5,180,41
2,1,0,1,149,3,7,12
3,2.5,3,2,299,1,1125,0
2,1,1,1,135,2,7,23
3,1,1,1,150,2,1125,5
6,1,2,4,199,1,1125,0
1,1,1,1,89,3,15,42
4,1,1,2,180,2,1125,1
3,1,2,2,240,1,1125,21
2,1,1,1,95,1,1125,1
4,1,1,1,149,2,365,34
1,1.5,1,1,90,3,30,4
4,1,1,2,149,1,1125,1
1,1.5,1,1,74,3,10,7
5,1,1,2,170,3,1125,6
3,1,1,2,190,2,75,8
2,1,1,1,145,1,1125,0
2,1,1,1,109,1,1125,45
2,1.5,1,1,105,1,1125,5
2,1,0,1,160,2,1125,26
4,1,1,2,219,2,1125,12
1,1.5,1,1,89,1,1125,6
2,1,1,1,120,1,1125,3
6,2.5,1,6,36,2,30,7
2,1,0,1,95,3,30,6
2,1,1,1,120,1,1125,7
2,1,1,1,100,1,1125,10
3,1,1,1,99,3,1125,18
2,1,1,1,100,1,1125,0
3,1.5,1,3,98,1,30,20
3,1,1,2,143,7,1125,10
2,1,1,1,145,3,1125,60
11,3.5,5,5,150,2,180,3
2,1,1,1,120,1,29,11
2,1,1,1,120,1,29,9
2,1,1,1,85,3,1125,24
3,1,1,1,125,2,1125,6
3,1,1,2,142,1,1125,74
6,2.5,3,4,525,1,6,12
2,1,0,1,159,2,14,1
4,1,1,3,170,1,1125,0
4,1,1,2,50,30,60,1
3,1,1,2,246,3,1125,0
1,1.5,1,1,75,2,45,2
2,1,0,1,99,1,30,11
2,1,0,1,90,2,1125,0
6,2,2,3,229,1,27,0
2,1,0,1,149,2,365,14
3,1,1,2,136,1,60,41
2,1,0,1,250,2,3,1
1,1,1,1,100,2,1125,0
2,1,1,1,100,1,1125,0
3,1,0,1,120,2,1125,5
3,1,1,1,175,1,7,31
2,1,1,1,122,2,1125,3
2,1,1,1,177,1,60,4
6,1,2,4,169,1,1125,1
2,1,0,2,85,5,30,31
2,0,1,1,100,1,1125,15
3,1,1,1,200,1,1125,0
2,1,1,1,105,7,450,12
10,2.5,1,5,99,7,365,2
2,1,1,1,100,4,1125,2
6,1,2,4,189,1,1125,2
2,1,1,1,120,1,1125,4
1,0,1,1,95,1,1125,27
6,1,2,2,150,2,5,8
2,1,0,1,175,3,90,3
2,2,1,1,150,3,1125,4
2,1,1,1,160,2,1125,1
2,1,1,1,79,3,15,4
2,1,1,1,85,2,98,14
2,1,0,1,150,1,1125,6
2,1,1,1,90,2,95,3
1,1,1,1,100,1,1125,25
2,1,0,1,150,3,1125,3
4,1,1,1,100,5,32,0
4,1,1,1,215,2,1125,34
1,1,1,1,95,1,5,74
3,1,0,1,130,1,5,0
2,1,,1,125,4,365,36
2,1,0,1,130,1,1125,2
4,1.5,1,1,120,4,365,3
2,1,1,1,105,1,1125,8
3,1,1,3,176,1,1125,20
6,2.5,2,3,495,3,1125,27
3,1,1,1,110,2,7,8
2,1,1,,99,3,1125,0
2,1,,1,135,4,365,47
1,1,1,1,65,1,1125,1
2,1,1,1,110,2,1125,4
1,1,0,1,105,5,31,9
2,1,1,1,119,1,1125,10
2,1,0,1,99,1,1125,0
6,1.5,2,3,225,3,90,18
2,1,1,1,105,1,1125,6
3,1,0,1,140,2,25,1
2,1.5,1,1,125,3,1125,0
4,1,2,2,250,1,1125,1
2,1,1,1,90,1,1125,0
2,1,1,1,70,1,1125,2
4,1,1,2,200,1,1125,4
2,1,1,1,215,2,180,65
3,1,1,1,135,2,30,26
2,1,1,1,120,2,1125,1
2,1,1,1,90,1,1125,8
4,1,1,1,259,4,730,1
2,1,1,1,125,27,1125,5
2,1,1,1,125,2,5,18
2,1,1,1,84,1,1125,3
4,1,1,2,99,1,1125,170
1,2,1,1,100,2,1125,11
3,1,1,1,149,2,1125,46
4,1,1,2,168,1,1125,150
2,1,1,1,99,1,1125,24
2,1,1,1,120,1,1125,0
2,1,0,2,120,1,7,6
2,1,1,1,121,2,1125,1
2,1,0,1,229,1,1125,0
2,1,0,1,85,1,1125,55
3,1,0,1,300,2,1125,14
2,1,0,1,75,1,1125,4
2,1,1,1,177,2,90,0
1,1,1,1,95,2,1125,19
2,1,1,1,125,1,1125,18
4,1.5,1,2,89,3,1125,14
3,1,1,2,175,1,1125,19
2,1,0,1,100,1,1125,4
4,1.5,2,2,150,2,1125,1
2,1,0,1,100,1,1125,1
6,1.5,3,4,300,3,1125,0
1,1,1,1,75,6,60,6
2,1,1,1,89,2,1125,6
2,1,1,1,120,2,1125,1
1,1,0,1,116,1,1125,5
2,1,1,1,125,3,1125,10
4,1,1,2,90,1,30,56
2,1,1,1,129,1,1125,8
4,1,1,2,175,1,1125,48
3,1,1,1,200,1,1125,1
2,1,0,1,97,1,1125,2
3,1,0,2,105,1,1125,0
1,,1,1,40,1,1125,104
2,,1,1,105,1,365,239
2,1,0,1,175,2,4,6
2,1,1,1,95,1,1125,10
4,1,1,2,148,1,1125,94
1,1,1,1,68,1,1125,3
1,1,1,1,79,1,5,2
1,1,1,1,132,5,1125,0
2,1,1,1,140,3,20,57
3,1,1,1,125,2,1125,0
3,1,1,1,107,2,1125,17
3,1,1,1,199,2,1125,16
2,1,1,1,105,1,1125,9
4,1,1,2,159,1,1125,0
3,1,0,2,129,4,365,26
3,1,1,1,168,4,1125,23
6,1,1,2,169,1,30,119
3,1,0,1,100,1,1125,4
1,1,1,1,78,1,1125,1
2,1,1,1,120,6,365,13
2,1,1,1,90,5,23,3
6,1,2,2,200,2,1125,0
2,1,0,1,85,1,60,30
2,1,1,1,85,1,365,127
2,1,0,1,125,3,45,48
3,1,1,1,150,2,1125,6
3,1,1,1,90,1,10,18
2,1,1,1,99,2,180,31
3,1,0,2,139,1,1125,1
3,1,1,1,174,2,1125,25
2,1,1,1,99,3,30,12
4,2,2,2,150,1,1125,0
1,1,0,1,66,3,1125,0
3,1,0,2,84,1,1125,6
2,1,1,1,100,1,1125,4
6,2,2,2,700,1,1125,0
2,1,0,1,110,1,1125,28
2,1,0,1,85,1,1125,42
1,1,1,1,41,1,1125,1
2,1,0,1,109,6,1125,1
5,1,2,2,175,1,2,0
2,1,1,2,80,1,1125,1
3,1,1,1,150,1,1125,9
4,1.5,2,2,299,3,40,0
16,2,1,1,499,1,1125,0
2,1,1,1,100,2,1125,17
3,1,1,2,159,2,365,5
2,1,0,1,175,2,1125,0
1,1,0,1,64,4,1125,0
2,1,1,1,80,1,1125,0
1,0.5,1,1,50,7,20,0
4,2,2,2,200,1,1125,0
4,1,1,1,140,1,10,0
2,1,1,1,145,2,1125,32
1,1,1,1,110,2,1125,1
2,1,1,1,128,1,1125,0
2,1,1,1,215,3,29,3
2,1,0,1,115,2,30,59
2,1,1,1,68,2,30,2
2,1,1,1,129,1,1125,37
2,1,1,1,120,1,1125,11
1,1,1,1,75,14,180,12
3,1,1,1,140,2,1125,36
4,1,1,1,125,1,1125,10
2,1,1,1,99,2,1125,6
4,1,1,2,250,1,1125,21
2,0,1,1,100,1,1125,19
3,1,1,2,209,2,1125,5
4,1,1,1,196,1,1125,19
2,1,1,1,83,3,120,64
1,1.5,1,1,60,2,6,6
1,1,1,1,67,2,1125,29
3,1,0,1,125,2,1125,1
2,1,1,1,95,1,1125,15
6,2.5,3,3,695,3,365,37
2,1,1,1,120,1,1125,1
2,1,1,1,150,6,10,12
2,1,1,1,135,1,1125,18
2,1.5,1,1,126,2,1125,0
3,1,0,1,101,2,1125,0
4,1,1,2,135,4,712,18
2,1,1,1,135,2,1125,0
2,1,1,1,179,1,1125,10
2,1,1,1,220,2,1125,5
2,1,1,1,100,4,1125,0
2,1,1,1,99,2,35,8
2,1,1,1,110,2,1125,0
2,1,1,1,99,2,150,64
2,1,1,1,399,1,1,0
4,1,1,1,115,180,1125,11
2,1,1,1,105,1,1125,5
3,1,1,1,159,3,240,47
2,1,1,1,85,1,60,114
3,1,1,1,140,2,1125,0
3,1,1,1,137,1,1125,5
3,1,1,1,89,2,1125,80
4,1,,1,149,2,365,31
8,5,5,8,1200,1,30,41
2,0,1,1,85,1,60,206
2,1,1,1,140,1,1125,13
2,1,1,1,125,2,1125,44
3,1,1,1,200,3,1125,24
2,1,1,1,99,1,11,15
4,2.5,2,2,170,14,30,0
2,1,1,1,160,1,1125,1
2,1,1,1,210,1,1125,0
2,1,1,1,130,3,10,11
2,1,1,1,99,1,1125,0
3,1,0,1,110,2,1125,3
4,1,1,2,168,1,1125,152
2,1,1,1,98,4,1125,2
2,1,1,1,134,1,1125,69
4,1,1,2,100,2,1125,9
4,2,2,2,199,3,1125,0
3,2,1,2,95,2,30,31
2,1,1,1,98,4,730,53
1,1,1,1,70,1,1125,3
3,1,1,1,130,1,1125,7
4,1,1,2,140,2,365,9
1,1,1,1,69,2,1125,0
2,1,1,1,75,1,8,2
2,1,1,1,175,1,1125,0
4,1,2,2,225,3,730,0
2,1,1,1,145,1,1125,3
2,1,0,1,130,2,1125,20
1,1,1,1,100,2,1125,21
2,1,1,1,195,2,14,0
2,1,0,1,85,1,15,30
6,2.5,2,2,135,2,1125,2
3,1,1,1,70,1,1125,2
2,1,1,1,77,3,365,3
3,1,0,1,100,2,28,1
2,1,1,1,95,2,180,3
2,1,1,1,65,1,1125,31
2,1,0,1,120,2,1125,42
8,1,2,3,250,1,1125,1
1,1,1,1,70,1,1125,15
5,1,2,2,119,3,30,86
2,2.5,1,2,85,2,1125,0
2,1.5,1,1,150,3,1125,24
8,1,2,4,240,1,1125,19
2,1.5,1,1,75,2,45,8
4,1,1,1,99,1,1125,122
5,2,2,3,175,2,1125,9
2,1,1,1,94,1,30,4
2,1.5,1,1,140,2,1125,20
12,2.5,3,4,375,1,1125,4
4,2.5,3,3,160,15,60,0
2,1,1,1,65,1,1125,27
2,1,1,1,100,4,1125,1
3,1,1,2,135,1,1125,42
5,1,1,2,125,3,1125,7
2,1,1,1,135,2,14,1
1,2,1,1,35,5,365,3
2,1,1,1,155,1,1125,0
4,2.5,2,2,175,5,30,0
3,1,1,1,95,1,1125,0
2,1.5,1,1,90,1,1125,0
2,1,1,1,100,2,14,7
4,2,2,2,220,1,1125,4
2,1,1,1,60,1,1125,8
2,1,1,1,135,21,90,1
4,1,0,2,140,1,1125,36
6,2.5,2,3,299,1,1125,3
6,,3,6,199,3,14,2
2,1,1,1,34,1,1125,0
2,1,1,1,95,1,1125,4
2,0,1,1,105,2,14,4
4,1.5,1,1,98,4,1125,2
5,1,1,3,79,2,1126,0
2,1,1,1,78,3,1125,4
2,1,0,1,175,1,1125,3
1,1,1,1,175,1,1125,0
2,1,1,1,80,2,15,31
1,1.5,1,1,65,2,45,3
1,1,1,1,23,7,1125,11
2,1,0,1,175,3,90,0
4,1,1,1,175,2,1125,17
2,0,1,1,75,1,1125,26
2,1,1,1,115,1,90,2
3,1,1,2,125,1,1125,1
2,1,1,1,145,2,28,65
2,2,1,1,98,1,1125,0
4,1,1,1,135,1,12,36
2,1,1,2,89,2,1125,0
2,1,1,1,150,1,15,18
2,1,1,1,90,1,1125,0
4,2,2,2,150,2,1125,21
1,1,1,1,95,2,30,16
2,1.5,1,1,99,1,1125,18
4,1,1,2,130,3,30,37
4,1,1,1,175,3,1125,8
4,1,0,2,155,2,1125,0
2,1,1,1,65,2,1125,8
4,1,1,2,150,3,1125,23
4,2,2,2,225,2,1125,11
4,1,1,1,175,1,1125,0
2,1,1,1,98,3,1125,4
2,1,1,1,40,1,1125,0
2,1,0,1,80,2,31,0
2,1,1,1,105,1,1125,17
8,2.5,3,3,325,2,1125,17
4,1,1,2,88,3,10,11
2,1,0,2,100,3,1125,6
4,2.5,2,3,146,4,366,52
3,1,1,1,109,1,1125,88
5,1,2,2,199,1,1125,102
4,1,2,2,279,5,365,0
2,2,1,1,90,2,1125,39
4,2,2,2,150,3,1125,1
4,1,1,2,120,2,1125,8
5,1,2,2,189,2,200,0
3,1,1,1,120,3,1125,9
4,,1,1,99,20,300,41
6,2,2,2,188,2,1125,3
8,1.5,3,4,300,3,90,24
2,1,0,1,200,2,90,0
6,1,1,2,225,3,90,2
2,1,1,1,50,2,12,3
3,1.5,1,2,109,2,1125,4
2,1,,1,109,2,365,60
5,2.5,2,2,229,2,8,4
16,6,8,13,1200,3,1125,10
14,2,5,7,599,1,1125,0
2,1,1,1,75,1,1125,19
4,1.5,2,2,380,1,1125,7
2,1,1,1,115,1,1125,14
2,1.5,1,1,75,3,60,12
1,2,1,1,32,5,1125,1
1,1.5,1,1,90,2,1125,2
5,2,2,4,380,2,14,10
2,1,1,1,85,1,1125,23
2,1,1,1,110,2,1125,5
2,1.5,1,1,156,3,40,3
2,1,1,1,89,1,1125,1
10,3.5,4,5,500,2,1125,0
6,1.5,2,2,225,2,1125,40
6,1,2,2,200,1,8,43
2,1,0,1,119,1,1125,40
2,1.5,1,1,95,1,1125,4
2,1,1,1,180,3,1125,15
6,2,2,2,175,1,1125,0
4,1.5,2,2,249,3,5,5
6,1.5,2,2,295,3,10,10
4,2,2,1,249,1,1125,1
2,1,1,1,119,2,1125,4
2,1,1,1,98,1,14,7
2,1.5,1,1,90,1,10,11
2,1,1,1,75,1,30,3
5,1.5,3,3,249,2,1125,5
4,,1,1,110,3,180,49
1,2,1,1,108,3,1125,0
4,1,0,2,99,1,1125,39
4,1,1,2,155,1,1125,28
8,2,2,4,329,3,1125,11
2,1,1,2,95,2,1125,11
2,1,1,1,125,2,9,2
4,1,0,2,189,2,1125,0
5,2,2,3,329,1,1125,4
4,1,1,4,99,1,1125,2
7,2.5,3,2,299,2,5,3
4,1,1,4,49,1,1125,11
4,1,1,1,100,3,1125,2
4,1,0,2,125,2,1125,1
3,1.5,1,1,92,1,1125,17
2,1,0,1,165,1,1,11
2,1,1,1,119,2,999,21
2,1,0,1,120,2,1125,2
2,1,0,1,85,1,1125,0
2,1,1,1,79,1,1125,14
4,1,1,2,110,2,60,2
4,1,0,2,142,6,7,0
4,1,1,3,139,1,29,0
2,2,2,2,250,3,10,1
4,1,1,4,49,1,1125,12
2,1,1,1,150,1,1125,2
3,1,1,1,99,2,1125,15
4,1,0,1,95,1,1125,12
5,1.5,1,2,114,1,1125,21
2,1,1,1,80,1,1125,11
2,1,1,1,70,2,1125,5
2,1,1,1,139,2,5,59
2,1,1,1,95,1,1125,0
6,1,1,3,101,2,31,117
4,1,1,1,198,2,10,0
4,1,1,1,80,1,1125,0
4,2,1,1,83,1,1125,41
3,1,1,1,94,1,1125,2
4,1.5,1,1,104,1,1125,36
3,1.5,1,1,69,1,1125,128
1,1,1,1,70,1,3,0
4,1,1,2,279,2,1125,2
5,1,2,2,199,1,1125,17
2,1,1,2,60,1,1125,11
1,1.5,1,1,59,1,1125,0
2,1,1,1,100,2,1125,0
2,1,1,1,75,1,1125,2
8,2.5,3,5,379,2,90,7
2,1,0,1,120,2,7,9
4,1,1,2,169,5,1125,8
1,1.5,1,1,49,1,1100,77
1,0,1,1,69,1,1125,1
2,1,1,1,126,3,20,6
2,1,1,1,120,1,7,22
3,1,1,1,125,2,1125,3
2,1,1,1,110,9,365,31
3,1,0,1,110,2,1125,3
2,1.5,1,1,59,1,1125,3
4,1,1,2,250,1,1125,2
6,1.5,2,2,125,1,1125,0
2,1,1,2,65,1,1125,5
7,2,3,3,245,4,30,0
4,1,1,2,130,2,1125,6
2,1,1,1,125,2,31,0
2,1,0,1,119,1,1125,4
2,1,1,1,90,1,30,5
4,1,1,1,150,1,1125,2
2,1,1,1,100,1,1125,30
4,1,2,2,239,1,1125,2
3,1,0,2,94,1,1125,2
2,1,1,2,55,1,1125,1
3,1,0,1,94,1,1125,0
8,2.5,2,4,275,7,1125,4
7,2,2,3,100,1,1125,1
4,1,1,2,160,2,1125,12
1,1.5,1,1,75,2,1125,7
2,2,1,1,85,10,365,46
1,1,1,1,75,1,1125,56
4,2,2,2,250,2,4,0
1,1.5,1,1,70,1,1125,0
4,2,2,2,228,1,1125,10
4,1,1,2,69,1,1125,38
1,1,1,1,65,1,1125,5
2,1,0,1,130,2,10,35
2,1,1,1,69,3,1125,6
3,1,1,1,102,1,1125,1
2,1,0,1,99,3,29,16
4,1,1,1,88,1,1125,0
2,1,1,1,80,5,120,7
2,1,1,1,89,1,1125,5
4,1,1,1,90,1,1125,1
1,1,1,1,55,1,1125,29
3,1,0,1,70,3,150,27
2,1.5,1,1,75,1,1125,7
3,1,1,2,60,2,1125,0
2,1,1,1,75,2,6,4
4,1,1,1,300,1,4,0
1,1,1,1,60,1,1125,5
4,1,1,2,150,1,1125,1
8,1,2,3,125,4,1125,0
2,1,1,2,50,1,1125,4
9,1,2,4,150,2,365,119
4,2,2,2,1200,1,1125,0
4,1.5,1,2,45,1,1125,8
2,1,1,1,89,3,10,0
2,1,1,1,75,2,4,1
2,1,1,1,65,1,1125,5
2,1,1,1,55,1,15,63
4,1,1,1,67,1,1125,11
3,1,1,1,1000,1,3,0
6,1,1,1,129,1,1125,0
2,1,1,1,55,2,150,19
2,1,1,1,89,1,1125,4
2,1,1,2,75,2,1125,10
5,2.5,3,3,150,1,1125,3
2,1,1,1,500,1,1125,0
3,1,1,1,400,1,1125,0
4,1,1,1,150,1,1125,0
3,1,1,1,67,1,1125,55
10,4,4,3,400,1,1125,0
6,1,2,3,299,3,4,0
2,1,1,1,42,4,1125,15
2,1,1,1,1200,2,4,0
2,1,1,2,89,1,1125,1
4,1,1,2,150,1,1125,5
2,1,1,1,42,1,1125,17
2,1,1,1,85,2,30,15
2,1,1,1,300,3,1125,0
2,1,0,1,100,3,1125,14
6,1,1,3,80,1,330,90
2,1,1,1,125,2,1125,9
2,1,1,1,115,2,25,31
2,1,1,1,84,2,25,8
4,1,1,1,110,1,1125,9
2,1,1,1,75,2,1125,41
2,1.5,1,1,40,1,1125,1
3,1,1,1,88,1,1125,0
2,1,1,1,50,1,1125,4
4,2.5,2,2,120,1,1125,20
4,1,2,2,185,2,1125,7
2,1,1,1,150,1,1125,7
2,1,1,1,57,1,1125,1
4,1,2,2,94,3,1125,0
3,1,1,1,100,1,4,9
3,1,1,1,89,1,1125,3
2,1,1,1,80,1,1125,0
4,1,0,1,85,3,1125,0
3,1,1,1,90,2,31,1
2,1.5,1,1,72,2,30,17
2,1,1,1,65,7,1125,0
1,1,1,1,65,7,1125,6
4,1,1,1,97,2,1125,130
2,2,1,2,55,1,1125,6
2,1,0,1,90,1,1125,0
1,3,1,1,45,4,365,1
2,1,1,1,120,2,1125,0
4,1,1,2,99,2,30,25
1,1,1,1,100,1,5,1
6,1,2,2,150,2,35,15
1,2.5,1,1,32,4,365,1
5,3.5,4,3,140,2,30,21
2,1.5,1,1,59,1,1125,57
2,1,1,1,63,1,7,10
2,1.5,1,1,85,1,30,49
16,8,10,13,1250,3,1125,0
2,1,1,,98,2,7,1
16,3.5,5,5,299,3,365,8
10,2,5,5,520,3,730,6
4,2.5,1,1,72,2,28,45
6,2.5,3,3,200,2,1125,10
3,1.5,1,2,64,3,1125,2
2,1,1,1,55,1,10,0
2,1,1,1,70,1,1125,23
4,1,1,1,85,2,1125,2
3,1,1,1,120,4,50,16
2,1.5,1,1,75,2,1125,0
6,1.5,3,3,150,2,1125,5
3,1,1,1,275,1,15,9
6,3.5,4,3,215,2,1125,1
2,1,1,1,85,2,1125,6
2,1,1,1,90,1,1125,11
2,1,1,1,60,2,1125,10
3,1,1,1,99,1,1125,0
4,1,1,1,89,1,1125,54
6,3.5,3,3,395,3,1125,3
2,1.5,1,1,78,1,1125,10
6,2.5,2,2,180,2,1125,0
2,1.5,1,1,200,1,1125,2
4,1.5,2,2,145,4,11,0
6,2.5,1,2,134,2,30,7
2,1,1,1,75,2,1125,34
3,1,2,2,100,2,10,21
2,1,1,1,95,2,1125,5
2,2.5,1,1,67,2,31,32
11,3,3,6,260,1,365,84
2,1,1,1,75,2,1125,75
2,1,1,1,60,1,30,2
3,1,1,1,65,4,1125,3
4,1,1,2,89,2,1125,18
2,1,1,1,70,1,1125,1
4,1,1,2,99,2,1125,16
4,1,0,1,99,1,1125,72
2,1,1,1,65,1,1125,8
3,1,0,2,85,2,1125,24
4,1,2,2,70,1,1125,2
2,1,1,1,49,1,1125,0
1,1,1,1,70,6,150,10
5,1.5,3,3,145,1,1125,2
2,1,1,1,125,3,30,0
3,1.5,1,1,75,1,1125,3
2,1,1,1,50,14,160,3
1,2.5,1,1,45,5,365,4
2,1,1,1,125,2,365,5
1,2.5,1,1,45,4,365,3
3,1,1,1,100,2,1125,22
6,1.5,1,2,119,1,1125,4
2,1.5,1,1,95,3,1125,3
2,1,1,1,60,1,730,1
4,1,0,2,77,3,1125,6
8,4,4,5,500,2,1125,3
2,1.5,1,1,50,1,1125,36
2,1.5,1,1,59,1,1125,25
4,1,1,2,110,2,90,89
1,4,1,1,30,4,365,4
2,1,1,1,95,1,1125,5
4,1,1,1,91,1,1125,39
12,3.5,4,6,283,4,90,26
4,1,1,2,125,2,1125,1
14,3.5,4,7,283,4,90,19
2,1,1,1,96,2,1125,2
2,1,1,1,84,2,1125,14
2,1,1,1,90,3,1125,3
2,1,1,1,73,2,1125,100
1,2,1,1,60,1,1125,4
2,1.5,1,1,62,3,200,6
10,2.5,3,5,240,2,1125,3
8,2.5,3,4,223,2,1125,7
3,1.5,1,1,150,1,1125,3
2,1,1,1,60,1,6,27
2,1.5,1,1,97,1,1125,101
2,1,1,1,35,1,1125,17
10,2,5,7,250,2,1125,4
6,1,1,3,90,1,1125,0
2,1,1,1,60,1,7,8
6,1,2,2,95,1,1125,9
2,1.5,1,1,68,2,45,116
2,1.5,1,1,68,2,21,102
4,1,1,2,90,7,1125,0
2,1,0,1,128,4,1125,51
2,1,1,1,79,7,1125,1
1,1,1,1,72,1,1125,43
2,1,0,1,55,1,1125,17
3,1,1,1,165,7,365,0
1,1,1,1,100,4,5,1
2,2,1,1,65,1,1125,0
2,1,1,1,120,2,4,0
2,1,1,1,80,3,1125,12
4,1,2,2,128,1,1125,47
2,1.5,1,1,75,1,1125,1
2,1,1,1,75,2,40,2
8,2.5,4,4,240,1,1125,0
1,1,1,1,60,1,1125,60
5,2,2,3,100,20,70,0
2,1.5,1,1,140,2,1125,20
6,2,3,4,120,5,1125,2
1,3,1,1,40,4,360,5
2,1.5,1,1,65,1,1125,0
4,1,1,3,70,2,35,62
5,2.5,2,2,165,4,1125,2
6,1,2,2,119,1,14,1
2,1,1,1,34,1,3,1
6,2.5,4,,200,21,30,0
2,1,1,1,100,1,1125,44
2,1,1,1,50,1,1125,2
4,1,2,2,155,3,1125,7
2,1,,1,85,4,31,69
2,3.5,1,1,125,1,1125,4
1,1,1,1,125,1,3,0
4,1.5,1,1,109,1,1825,96
2,1,1,1,52,1,1125,7
2,1.5,2,2,250,1,1125,1
4,1.5,1,2,139,1,1125,58
2,1,1,1,84,1,1125,4
2,1,1,1,100,2,1125,0
2,1,1,1,69,1,1125,2
3,1,1,3,90,1,1125,5
3,1,1,1,115,2,10,19
2,1,1,1,50,1,1125,6
2,1,1,1,60,1,1125,0
2,1,1,1,50,7,9,2
2,1,1,1,89,1,1125,3
7,2.5,4,4,240,2,120,11
2,1,1,2,68,7,1125,22
2,2,1,1,65,1,1125,20
8,2,3,4,395,3,1125,0
6,2,3,1,525,2,4,0
2,1,1,1,100,2,1125,2
2,1,0,1,75,2,1125,0
3,1,2,1,120,2,20,4
3,1,1,2,91,4,1125,0
2,1,1,1,112,1,1125,47
2,1,1,1,70,3,1125,0
3,1,1,1,125,2,1125,10
2,1,1,1,100,1,1125,0
2,1,0,1,79,1,1125,3
2,1,1,1,150,1,1125,6
2,1,1,1,165,2,14,1
3,1,1,2,140,3,1125,0
4,2,2,4,159,5,1125,4
2,1,1,1,89,1,1125,0
2,1,1,1,99,1,1125,11
2,1,0,1,150,15,31,0
3,1,0,1,75,5,1125,0
2,1,1,1,66,1,1125,2
3,1,1,2,110,3,1125,0
2,1,0,1,100,1,1125,3
2,1,1,1,165,2,14,0
2,1,1,1,75,2,30,4
3,1,0,1,102,3,1125,8
2,,1,,190,2,14,0
3,1,0,1,84,1,1125,0
4,1,2,2,110,1,1125,1
6,2.5,4,3,350,4,1125,0
4,1,1,1,1000,2,1125,0
2,1,0,1,85,1,20,13
4,1,1,2,85,1,1125,1
4,1,1,1,110,1,14,15
4,1,0,1,92,1,1125,10
2,1,1,1,75,1,5,9
2,1,1,1,50,1,1125,35
4,1,1,2,125,1,1125,1
3,1,1,1,300,1,3,0
1,1,1,1,45,1,1125,0
4,1,1,1,110,1,1125,5
4,1,2,2,158,1,1125,1
2,1,1,1,130,1,1125,3
5,2,2,4,150,4,1125,0
1,1,1,1,120,1,25,0
4,1,1,2,85,2,1125,4
4,2,1,2,105,2,1125,34
7,2.5,3,5,300,3,1125,3
2,1,1,1,103,14,1125,24
7,2.5,3,3,235,3,1125,15
2,1,0,1,85,4,365,7
1,1,1,1,50,1,1125,5
2,1,1,1,100,1,1125,0
2,1,1,1,92,3,21,84
2,1,2,2,85,1,1125,7
2,1,1,1,30,1,1125,2
2,1.5,1,2,90,2,14,61
1,1,1,1,49,1,1125,0
2,1,0,1,250,4,1125,1
8,2.5,3,4,225,3,90,0
3,1.5,1,2,128,1,365,8
2,,1,1,84,1,90,68
1,1,1,1,49,1,1125,0
5,1,1,3,99,2,1125,10
2,1,1,1,84,1,1125,34
2,1,1,1,86,1,1125,10
2,1,1,1,130,3,1125,0
1,1,1,1,135,3,31,16
3,1,1,1,95,2,1125,16
3,1,1,1,119,1,1125,21
2,1.5,1,1,80,1,7,0
2,1,1,1,140,1,1125,8
2,1,1,1,84,1,29,3
1,1,1,1,50,1,1125,0
4,3,2,2,230,4,1125,20
9,2,3,5,215,1,1125,26
2,1,1,1,77,1,1125,5
2,0.5,1,1,60,1,7,109
3,1,1,1,65,3,365,0
8,2,3,5,150,1,1125,0
2,1,1,1,64,2,1125,4
2,2.5,1,1,125,7,45,1
2,1.5,1,1,60,1,1125,1
15,3,5,9,330,1,1125,6
3,1,0,2,65,2,1125,4
6,1,2,4,112,2,90,3
3,1,1,2,75,2,180,2
2,1,1,2,90,1,730,58
6,1,3,3,180,1,1125,16
2,1,1,1,65,1,1125,3
1,2,1,1,55,3,180,22
2,1,1,1,75,1,1125,0
2,1,1,1,75,1,1125,7
2,1,1,1,68,2,14,29
2,1,1,1,65,1,30,2
16,0.5,1,16,10,1,2,0
1,1,1,1,70,4,240,3
2,1,0,1,80,1,1125,4
4,1,1,2,70,1,1125,1
2,1,1,1,65,2,1125,28
3,1,1,2,76,3,14,38
2,1,1,1,89,2,1125,0
2,1,1,1,45,2,1125,1
4,1,2,2,135,1,5,3
1,1,1,1,55,3,1125,14
2,1,1,1,65,1,1125,0
5,1,0,1,100,3,1125,0
2,1,0,1,95,5,1125,0
1,1,1,1,65,1,1125,7
3,1,1,2,82,1,1125,0
2,1,1,1,80,1,30,4
2,1,1,1,84,2,240,10
3,3.5,1,1,71,2,1125,58
8,1,2,4,155,2,1125,34
2,1,,,65,1,1125,3
2,1,1,1,60,3,14,62
2,2.5,1,1,55,1,1125,36
1,1,1,1,45,4,1125,0
6,1,3,3,215,2,30,41
3,1,1,1,89,1,1125,0
4,1,1,2,120,2,1825,2
2,1,1,1,37,2,1125,7
2,1,1,1,95,1,1125,0
1,1,1,1,45,4,1125,2
4,1,1,1,45,2,365,3
2,1,1,1,70,1,32,36
1,1,1,1,65,1,1125,6
15,2,3,10,180,1,1125,26
2,1,1,1,79,1,90,20
1,0,1,1,65,1,1125,1
2,1,1,1,45,1,7,1
5,1.5,2,3,70,2,1125,3
3,1,1,1,100,2,1125,4
2,1,1,1,120,1,1125,0
1,1,1,1,45,1,30,59
1,1,1,1,95,1,1125,0
1,1,1,1,125,2,1125,0
5,1.5,3,3,110,1,14,61
2,1,1,1,65,3,1000,21
1,1,1,1,45,1,1125,0
1,1,1,1,75,2,14,0
1,1,1,1,50,5,1125,0
6,1.5,3,3,260,5,1125,12
6,1.5,2,2,1500,1,5,0
2,1,1,1,200,2,1125,0
8,2,3,4,250,1,1125,0
2,1,1,1,30,2,1125,4
4,1,2,2,150,1,7,0
4,1,2,2,95,1,1125,3
2,2,1,1,200,1,1125,0
2,1,1,1,60,1,1125,1
2,1,0,1,175,2,7,0
12,,1,1,99,1,365,1
4,1,1,2,90,1,1125,52
2,1.5,1,1,65,2,1125,1
12,,1,1,99,1,365,0
12,,1,1,99,1,1825,0
2,1.5,1,1,70,1,1125,11
2,1.5,1,1,60,2,1125,8
2,1,1,1,100,1,1125,0
4,2,1,3,99,2,365,18
2,1.5,1,1,60,1,1125,12
12,1,1,8,99,1,1825,1
7,2.5,3,4,160,2,25,1
2,1.5,1,1,60,1,1125,17
2,1.5,1,1,55,1,1125,8
2,1.5,1,1,65,3,1125,1
2,1,1,1,75,1,1125,2
2,1,1,1,35,1,1125,24
2,1,1,1,47,1,1125,12
2,1,0,1,115,1,1125,0
8,3.5,5,4,150,1,1125,0
2,1,1,2,97,1,1125,18
6,1,2,3,119,3,1125,10
2,1,1,1,68,2,1125,18
2,1,0,1,80,1,1125,1
2,1,1,1,95,1,1125,12
3,1,0,1,125,1,1125,0
2,1,1,1,125,3,90,2
1,1,1,1,55,1,1125,7
2,1,1,1,200,1,1125,0
6,1,1,3,160,1,1125,38
6,1.5,1,2,135,1,180,24
5,1,2,2,145,3,7,4
2,1,1,1,59,7,1125,5
2,1,1,1,130,1,1125,2
4,1,1,2,135,2,1125,19
2,1,1,1,78,1,1125,2
2,1,1,1,90,2,14,0
2,1,1,1,58,2,1125,16
1,1.5,1,1,76,1,1125,2
1,1,1,1,42,3,1125,28
7,3,2,2,333,4,7,0
2,1.5,1,1,55,1,365,25
1,1,1,1,50,7,1125,2
2,0.5,1,1,58,1,1125,25
2,1,1,1,51,3,1125,35
2,1,1,1,68,1,1125,2
9,1,3,4,199,2,1125,5
3,1,1,1,75,2,90,25
4,1,1,2,76,1,1125,26
4,1,1,2,71,1,1125,46
3,1,1,2,90,3,90,7
1,1,1,1,60,2,1125,0
2,1.5,1,1,75,2,90,19
1,1.5,1,1,76,3,1125,1
1,1,1,1,49,1,1125,0
2,1,1,1,59,1,1125,19
1,2,1,1,50,1,1125,24
2,1,1,1,53,1,1125,8
2,2,1,1,70,2,90,49
1,1,1,1,41,1,1125,12
2,1,1,1,65,3,21,10
1,1,1,1,45,3,360,24
2,1,1,1,56,1,1125,31
2,1,1,2,65,1,365,60
2,2,1,1,65,1,1125,57
2,1,1,1,28,3,1125,1
4,1,2,2,1000,2,6,0
6,1,3,3,129,2,1125,7
1,1,1,1,49,1,1125,7
2,1,1,1,100,1,1125,0
6,1.5,2,2,76,5,180,31
1,1.5,1,1,50,1,3,0
6,2,2,2,175,1,30,16
3,2,1,2,80,5,365,1
6,1.5,2,4,117,1,1125,1
1,1,1,1,40,3,1125,0
4,2,2,2,52,2,1125,28
2,1,1,1,75,1,1125,1
3,1,1,1,100,5,365,3
3,1,1,2,59,1,365,10
6,1,3,4,209,1,15,1
2,1,1,1,69,1,30,0
2,2,1,1,60,1,1125,48
2,2,1,1,54,2,1125,50
1,1,1,1,20,2,14,1
2,1,1,1,50,1,1125,58
8,1,3,5,214,1,213,1
2,1,1,1,69,1,1125,23
2,1,1,1,399,2,2,0
2,1.5,1,1,70,1,1125,22
2,2,1,1,60,1,1125,36
2,2,1,1,50,1,1125,0
2,2,1,1,54,1,1125,61
4,1,1,1,85,2,7,1
2,1,0,1,65,5,1125,7
4,1,1,3,75,1,1125,14
1,1,1,1,45,1,1125,0
4,,1,,275,1,1125,0
2,1,1,1,55,2,1125,67
7,3,3,3,215,3,1125,0
6,1,2,3,80,3,90,125
1,1,1,1,50,14,1125,0
2,1,1,1,89,1,30,0
2,1,1,1,105,1,1125,7
4,1,1,2,105,1,1125,31
1,2,1,1,20,1,14,13
2,1,1,1,79,1,1125,0
2,1,1,2,59,1,1125,0
6,2,3,4,190,2,1125,2
4,1,1,1,98,2,1125,1
2,1,1,1,145,5,1125,96
2,1.5,1,1,53,2,7,35
6,2.5,3,3,275,4,21,5
2,1,1,1,120,1,120,9
2,1,1,1,90,1,1125,0
2,1,1,1,100,1,1125,10
1,1,1,1,90,1,2,22
4,1,1,2,100,1,1125,2
2,1,1,1,100,1,1125,121
4,1,1,3,110,2,14,7
2,1,1,1,125,2,14,22
6,1,2,2,180,3,1125,0
1,1,0,1,83,1,1125,1
3,1,1,2,137,3,1125,2
1,1,1,1,100,2,60,21
4,1,1,2,135,1,1125,23
8,2.5,3,5,398,3,1125,1
4,1,1,2,150,3,1125,12
2,1,0,1,100,3,1125,2
4,1,2,2,100,7,1125,0
6,2.5,3,3,325,2,1125,21
2,1.5,1,1,90,1,1125,0
6,1.5,3,5,270,2,1125,13
6,1.5,2,2,70,1,1125,7
6,2.5,3,3,350,3,1125,0
7,1.5,3,5,195,2,28,1
3,1,1,1,105,2,1125,35
2,2,1,1,99,2,300,47
4,1,1,2,93,1,7,1
2,1,1,1,130,1,1125,2
4,1,1,2,135,1,1125,13
4,1,1,2,130,2,1125,0
2,1,1,1,100,1,1125,34
2,1,0,1,135,2,100,65
6,1,1,2,149,3,30,12
6,2.5,2,3,190,3,1125,4
4,1,1,2,130,2,1125,90
4,1,1,2,107,3,1125,3
3,1,2,2,100,1,30,10
6,1,2,2,159,3,1125,2
5,1,2,3,179,3,1125,195
5,1,0,3,138,3,1125,2
5,1.5,2,2,140,2,1125,1
4,1,2,2,150,1,1,7
4,2,2,2,150,1,1125,20
2,1,1,1,70,1,1125,0
2,1,1,3,150,3,365,76
4,1,1,2,120,2,1125,8
2,1,1,1,125,2,1125,23
2,1,1,1,100,1,1125,7
6,2.5,1,2,230,3,9,0
2,1,1,2,94,2,3,5
2,1,1,1,110,2,30,227
2,1,1,1,85,3,100,18
1,1,1,1,47,1,1125,14
10,4,4,5,399,4,365,0
8,1.5,3,4,290,4,365,0
2,2,1,1,90,1,1125,10
6,2,2,2,154,2,1125,3
3,1,1,2,134,2,1125,51
2,1,1,1,85,1,365,180
2,1,1,1,129,3,29,1
5,2.5,3,3,250,3,365,17
4,1,1,2,179,3,180,25
4,1,1,2,115,1,1125,2
2,1,1,1,89,2,20,9
2,1,1,1,95,1,1125,0
2,1,1,1,89,1,60,310
6,2.5,3,4,679,3,1125,2
2,1,1,1,150,3,1125,0
3,1,1,1,220,1,10,3
2,1,1,1,62,1,1125,4
3,1,1,1,129,2,21,41
4,1,1,2,120,2,1125,10
6,1.5,2,3,125,2,1125,0
4,1,1,2,125,2,29,85
4,1,1,1,120,2,1125,2
2,1,1,1,55,1,5,2
2,1.5,1,1,59,6,1125,1
3,1,1,1,95,2,1125,13
2,1.5,1,1,79,6,1125,10
2,1,1,1,85,1,1125,29
8,2.5,3,8,285,2,5,9
2,1,1,1,70,1,1125,0
4,1,1,1,100,1,1125,11
2,1.5,1,1,72,2,1125,1
4,1,1,2,89,1,60,21
2,1,1,1,75,2,1125,1
11,4.5,5,5,2822,2,1125,0
2,2.5,1,1,85,2,1125,76
2,1,1,1,189,1,1125,4
2,1.5,1,1,69,3,14,28
2,1,1,1,118,12,1125,10
2,1,1,1,75,2,30,318
2,1,1,1,79,1,1125,74
2,1.5,1,1,77,3,95,8
2,1,1,1,84,2,1125,28
2,1,1,1,95,1,93,61
2,1,1,1,80,6,30,0
4,1,2,2,195,1,1125,5
2,1,0,1,110,1,1125,1
5,2,3,3,225,5,1125,4
4,1,,2,325,4,7,0
6,1.5,3,3,250,1,1125,2
3,1,1,2,95,2,700,14
2,1,1,1,75,1,1125,0
6,3,3,3,225,6,180,11
2,1,1,1,80,1,30,4
4,1,1,2,137,1,14,28
4,1,1,1,98,3,90,28
2,1,1,1,149,1,1125,34
6,1.5,3,3,250,2,1125,11
4,1,1,2,150,2,1125,26
3,1,1,2,168,2,4,47
2,1.5,1,1,59,1,1125,9
2,1,1,1,80,3,120,1
3,1,1,2,80,1,30,1
2,1,1,1,126,1,21,51
5,1.5,2,3,125,6,1125,0
2,1,0,1,100,5,1125,4
2,1,1,1,100,1,1125,1
15,4.5,6,12,499,2,1125,0
4,1,1,1,195,3,90,2
4,2.5,1,2,100,3,1125,1
4,1,1,2,125,1,1125,8
4,1,1,2,145,2,30,142
2,1,0,1,175,3,30,141
6,1,3,3,199,1,1125,0
3,1,1,1,75,1,1125,12
4,1,2,2,130,1,1125,0
5,2,1,1,150,1,1125,3
5,1.5,2,2,220,1,1125,3
2,1.5,1,1,75,1,1125,0
5,1,1,1,115,1,3,43
4,1,1,2,119,3,1125,3
4,2.5,2,2,225,3,26,36
2,1,1,1,125,3,1125,28
3,1,1,2,124,2,60,25
1,1,1,1,95,1,1125,51
2,1,1,1,59,1,1125,1
3,1,2,2,149,2,365,1
2,1,1,1,99,4,1125,6
2,1,1,1,95,5,1125,1
4,1,1,2,126,1,1125,1
1,0,1,1,64,1,1125,2
6,2.5,2,3,299,3,999,17
1,1,1,1,35,1,1125,8
2,1.5,1,2,50,2,28,119
6,1,2,4,179,1,45,96
2,1.5,1,1,70,2,1125,12
3,1,1,1,125,1,1125,29
2,1,1,1,180,2,10,4
2,1,1,1,79,1,1125,22
1,,1,1,75,2,21,175
2,1,1,1,100,7,1125,0
2,1,0,1,80,3,15,5
4,2.5,2,2,300,1,1125,0
2,1.5,1,1,107,1,1125,4
6,1,3,3,250,1,1125,0
6,1,3,3,199,3,1125,9
3,2,1,2,90,1,1125,55
2,1,1,1,105,1,7,2
4,1,2,2,150,3,120,0
3,1,1,1,125,2,1125,4
2,1,0,1,85,2,7,45
6,1,2,2,225,3,90,4
2,1,1,1,99,1,1125,1
3,1,1,1,150,1,1125,1
4,1,1,2,85,2,15,71
2,1,1,,115,2,1125,9
2,1,1,1,120,1,1125,16
1,1,1,1,35,1,730,1
2,2,1,1,79,1,1125,42
1,1,1,1,40,7,1125,1
2,1,1,2,149,2,1125,15
5,1,1,2,115,1,14,37
3,1,1,1,105,1,365,7
3,1,1,2,58,1,1125,15
4,2,2,2,250,4,28,7
2,1,1,1,125,2,4,2
2,1,1,1,95,1,1125,0
3,1,1,1,180,1,14,10
2,1,1,1,156,1,1125,0
2,1.5,1,1,135,1,1125,4
2,1,1,1,95,1,1125,19
4,1,1,2,145,3,1125,5
2,1.5,1,1,120,1,1125,11
3,1,1,1,160,1,1125,6
2,1,1,1,79,1,21,41
2,1,1,1,55,2,1125,1
2,1,1,2,50,1,1125,1
4,1,1,2,135,2,1125,14
2,1,1,1,80,1,1125,2
2,1.5,1,1,148,1,1125,5
3,1.5,1,1,69,1,1125,5
6,2.5,2,3,300,4,1125,39
4,1,1,2,85,1,1125,1
2,1,1,1,58,1,1125,1
2,1,1,1,110,1,3,0
2,1.5,1,1,40,2,7,11
2,1,1,1,55,5,365,9
2,1,1,1,95,2,7,40
4,1.5,1,2,144,1,13,48
4,1,2,2,199,3,60,80
2,1.5,1,1,70,3,99,22
2,1,1,1,75,3,120,1
2,1.5,1,1,71,1,1125,11
7,3.5,3,3,300,3,1125,8
2,1,1,1,108,3,1125,0
7,1.5,2,3,190,3,1125,2
4,1,1,2,105,2,1125,58
4,1,1,2,129,2,1125,15
3,1,1,2,135,2,20,23
2,1,0,1,125,3,1125,19
3,1,1,1,100,1,1125,3
2,1,1,1,80,1,1125,0
9,2.5,3,4,178,3,1125,4
3,1,2,2,125,3,1125,7
1,1,1,1,65,1,1125,3
4,1,1,2,86,2,1125,5
2,1,1,1,55,5,365,42
4,1,0,1,114,2,3,0
2,1,1,1,165,5,1125,1
2,1,1,2,70,3,1125,2
4,1.5,1,1,90,1,60,9
2,1,1,1,89,1,1125,7
1,1.5,1,1,80,1,1125,2
4,1.5,2,2,105,4,1125,8
2,1.5,1,1,90,2,3,35
1,1,1,1,70,2,1125,1
4,1,1,1,135,1,1125,111
6,2.5,2,4,180,3,1125,29
4,1,2,3,160,3,11,3
5,1,2,3,149,3,1125,6
3,1,1,1,249,1,1125,1
4,1,2,2,149,1,1125,8
2,1,1,1,64,2,11,30
2,1,1,1,149,4,21,6
1,1.5,1,1,90,1,1125,8
2,1,1,2,150,2,5,0
4,1,1,2,179,2,1125,15
4,1,1,3,159,2,1125,20
2,1,1,1,220,2,1125,23
3,1,1,1,117,2,4,6
4,1,2,2,84,2,1125,1
2,1,1,1,105,2,1125,0
4,1,0,2,175,3,90,3
2,1,1,2,175,1,1125,0
2,1,1,1,75,3,120,0
6,1.5,2,2,234,3,1125,7
2,1,1,1,80,1,1125,2
4,1,1,2,129,1,1125,10
10,1.5,2,4,194,2,29,70
2,1,1,1,75,1,1125,0
2,1,0,1,80,3,1125,8
9,2,3,3,225,3,1125,2
2,1,1,1,125,1,1125,0
6,2.5,3,4,300,2,1125,8
5,1,1,3,130,2,1125,51
1,1.5,1,1,56,4,1125,1
2,1,1,1,105,1,1125,0
6,2.5,2,3,245,7,1125,0
4,1,1,1,95,2,365,98
8,1,2,5,140,2,30,6
2,1,1,1,75,2,1125,17
2,1.5,1,1,79,6,1125,8
3,1,1,1,115,2,7,15
5,1,2,2,225,1,1125,0
4,1,1,1,229,3,90,0
6,1,2,5,250,3,90,10
2,1,1,1,40,4,1125,0
6,1.5,2,2,150,3,1125,6
3,1,1,1,129,2,1125,8
4,2.5,2,2,225,2,365,16
5,2.5,2,2,300,2,360,0
6,1,1,2,95,1,1125,1
4,1,1,2,125,3,28,23
4,1,2,2,185,3,1125,0
2,1,1,1,90,2,5,18
4,2,2,2,198,1,1125,1
4,1,1,2,120,2,7,75
2,1.5,1,1,150,3,150,10
8,2.5,3,4,260,3,180,38
3,1,1,1,99,1,7,18
1,1,1,1,140,1,1125,0
2,1,1,1,99,1,7,11
2,1,1,1,75,1,1125,2
2,1,0,1,100,2,14,1
2,1,1,1,150,1,1125,1
1,1.5,1,1,89,1,1125,35
4,1,1,2,115,4,1125,6
3,1,1,1,165,1,1125,21
3,1,1,1,108,1,1125,4
2,1,1,1,165,3,1125,3
1,1,1,1,45,1,1125,8
4,1,1,2,119,1,1125,0
4,1,1,2,85,1,1125,0
3,1,0,2,93,6,1125,3
4,1,0,2,108,2,7,30
4,1,0,2,126,1,1125,26
2,1,1,1,75,1,1125,0
2,1,0,1,100,2,1125,9
2,1,0,1,82,1,1125,2
2,1,1,1,100,1,7,5
2,1,1,1,110,3,30,1
4,1,,1,149,4,365,34
5,1,1,2,149,1,1125,3
2,1,1,1,125,1,1125,0
3,1,1,2,105,1,1125,15
4,1,0,1,91,1,1125,0
6,2,2,4,209,1,1125,1
3,,1,1,200,7,7,0
4,1,2,2,124,2,1125,37
2,1.5,1,1,99,2,365,80
2,1,1,1,109,2,14,19
4,2,2,2,149,1,1125,2
2,1,0,1,146,1,1125,33
6,2.5,2,2,190,2,1125,35
2,1,1,1,145,3,1125,6
6,2,2,3,185,6,1125,8
3,1,1,1,140,1,30,10
4,1,1,1,130,2,1125,1
4,1,1,2,149,14,1125,17
2,1,1,1,85,1,60,248
2,1,1,1,160,2,1125,16
4,1,1,2,99,1,1125,3
3,1,1,1,117,1,1125,3
3,1,1,1,100,5,1125,1
3,1,0,2,93,4,365,0
2,1,1,1,107,1,1125,16
2,1,1,1,150,2,90,22
4,1,1,2,129,1,1125,0
2,1,0,1,95,2,1125,20
3,1,1,1,140,3,1125,4
2,1,1,1,125,1,1125,1
2,1,0,1,100,1,1125,8
2,1,1,1,130,1,7,6
2,2,1,1,60,1,1125,0
2,1,1,1,140,2,7,28
2,1,0,1,85,2,1125,13
4,,1,1,118,3,365,25
1,1,0,1,139,1,5,14
3,1,0,2,115,2,7,20
3,1,0,1,89,1,10,0
6,1,2,4,189,1,1125,1
2,1,1,1,90,3,1125,3
1,1,1,1,70,1,1125,1
4,1,0,2,80,6,21,1
2,1,1,1,65,1,1125,0
3,1,1,1,125,5,30,16
6,1,2,4,199,1,1125,0
3,1,0,1,115,1,1125,0
2,1,1,1,125,1,10,0
3,1.5,1,1,168,2,1125,5
1,1,1,1,75,2,5,4
2,1.5,1,1,150,2,1125,2
2,1,1,1,84,2,1125,17
2,1,1,1,75,2,1125,6
5,2,2,2,163,2,1125,2
1,1,1,1,95,4,365,2
2,1,1,1,95,2,8,69
4,1,2,3,200,1,1125,3
4,1,1,1,150,2,14,18
3,1,0,2,138,2,150,68
4,1,1,1,90,2,30,1
1,1,1,1,100,14,45,0
2,1,1,1,115,1,1125,37
8,2,3,5,246,4,1125,0
6,1,2,4,199,1,1125,0
2,1,,1,125,4,365,31
1,1,1,1,43,1,1125,1
2,1,1,1,139,2,7,6
8,2.5,3,4,550,3,1125,8
1,4,1,1,79,5,365,5
7,2,3,3,250,2,1125,1
6,2,2,4,199,1,1125,0
6,1,1,4,129,2,1125,118
4,1,1,1,99,6,30,16
4,1,2,2,128,1,1125,9
6,1,2,3,210,2,14,5
4,1,1,1,119,3,1125,1
2,1,0,1,95,1,1125,2
2,1,1,1,120,2,60,108
2,1,1,1,90,2,1125,18
2,1,1,1,115,2,1125,4
2,1,1,1,160,2,7,12
2,1,1,1,25,1,1125,1
2,1,1,1,70,3,1125,57
3,1,0,1,175,1,1125,5
2,1,1,1,101,1,1125,0
2,1,1,1,85,1,1125,0
3,1,1,1,170,3,14,49
4,1,1,2,159,1,1125,0
3,1,2,2,200,1,1125,6
2,1,1,1,139,2,90,0
3,1,1,1,275,1,1125,11
1,1,1,1,159,1,1125,1
2,1,1,1,97,3,1125,2
4,1,1,2,110,1,1125,1
3,2,2,3,169,3,1125,34
2,1.5,1,1,100,1,1125,3
1,1,1,1,99,3,1125,22
1,1,1,1,225,1,1125,0
1,1,1,1,80,1,30,68
2,1,1,1,110,1,1125,10
2,1,1,1,95,2,1125,11
4,1,1,2,95,2,31,46
2,1,1,1,159,3,180,12
2,1,0,1,150,3,30,3
1,1,1,1,90,1,4,77
2,1,1,1,101,2,1125,0
1,1,0,1,149,1,1125,0
1,2,1,1,89,1,1125,13
1,1,1,1,60,1,5,1
3,1,1,1,99,3,1125,1
2,1,1,1,125,3,14,3
2,1,0,1,120,2,1125,7
5,1,2,5,180,3,1125,4
3,1,1,1,115,2,1125,0
2,1,1,1,109,1,1125,22
6,2.5,2,2,399,2,1125,1
4,2,1,2,185,1,5,2
2,1,1,1,90,3,100,67
3,2,1,2,209,3,1125,9
3,1,1,1,139,3,1125,9
2,1,0,1,125,1,1125,6
3,2,2,2,165,3,1125,0
3,1,1,1,108,4,1125,0
3,1,1,1,120,3,90,21
3,2,2,1,150,1,1125,0
4,2,2,2,295,4,100,31
2,1,1,1,110,2,1125,8
5,2,2,2,225,1,5,1
1,1,1,1,55,1,60,7
3,1,1,1,119,1,1125,0
1,1,1,1,78,1,21,20
3,1,1,1,139,2,1125,17
2,1,1,1,85,2,180,18
2,1,0,1,82,3,365,11
9,2,2,6,160,1,1125,43
4,1,1,1,100,3,50,1
2,1,0,1,125,2,1125,7
6,2,2,2,130,1,365,6
6,1,2,2,150,2,365,15
4,1,0,1,90,3,1125,1
2,1,1,1,80,4,10,19
3,1,1,1,105,1,1125,3
3,1,1,1,125,3,1125,4
2,1,0,1,85,4,1125,0
5,1,1,3,275,3,1125,9
1,1,1,1,79,3,28,1
1,1,1,1,45,1,14,39
2,1,1,1,80,1,1125,9
2,1,0,1,60,7,25,0
3,1,1,1,125,2,4,0
2,1,1,1,170,1,1125,0
2,1,0,1,102,3,365,29
2,1,1,1,120,2,1125,6
2,1,0,1,115,1,1125,30
2,1,1,1,117,3,1125,5
2,1,1,1,125,1,1125,8
4,2,2,2,199,1,15,0
1,1,1,1,60,1,1125,0
4,1,1,1,85,1,1125,3
2,1,1,2,135,1,1125,39
2,1,1,1,99,1,1125,9
2,1,1,1,150,1,1125,12
2,1,1,1,85,2,30,9
2,1,1,1,125,1,1125,1
2,1,1,1,83,2,1125,3
2,1,1,1,275,1,1125,0
2,1,1,1,70,1,1125,14
2,1,1,1,99,5,1125,0
2,1,1,1,72,1,1125,4
1,1,1,1,110,1,1125,0
3,1,1,1,165,2,7,50
4,1,1,2,159,1,1125,0
1,2,1,1,89,1,1125,5
2,1,0,2,99,2,1125,5
2,1,1,1,130,2,15,4
4,2,2,3,225,1,1125,1
2,1,1,1,150,1,1125,4
4,1,1,2,125,3,365,49
2,1,1,1,100,1,1125,0
2,1,2,2,225,4,1125,3
2,1,1,1,105,4,10,3
2,1,1,1,119,1,1125,0
2,1,1,1,105,2,1125,34
2,1,1,1,51,1,1125,87
4,1.5,2,2,168,2,28,22
2,1,1,1,110,1,1125,38
2,1.5,1,1,209,4,365,7
3,1,1,1,100,10,1125,1
3,1,1,1,102,2,1125,3
3,2,1,2,200,1,1125,0
4,1,0,1,75,4,1125,6
2,1,1,1,127,14,30,0
4,1,2,2,180,10,20,26
3,1,1,1,200,1,1125,0
2,1,1,1,120,2,1125,4
1,1,1,1,50,4,1125,0
2,1,1,1,80,1,1125,15
2,1,0,1,75,1,1125,3
6,1,2,3,135,1,1125,154
3,1,1,1,120,1,1125,10
2,1,1,1,120,1,1125,0
2,1,1,1,89,1,1125,0
4,1.5,2,3,185,1,31,38
4,1,2,2,160,7,365,9
6,1,2,4,189,1,1125,0
3,1,1,1,99,2,5,15
1,1,1,1,72,3,70,110
4,1,1,1,125,3,1125,8
2,1,1,1,150,1,1125,8
4,1,1,1,155,3,365,14
3,2,2,2,150,14,30,0
3,1,0,1,80,1,1125,8
4,1,1,1,110,1,1125,57
2,1,1,1,130,3,1125,4
4,1,1,2,99,2,19,35
1,1.5,1,1,68,1,1125,27
2,2,1,1,80,1,1125,6
4,1,1,2,200,2,1125,0
2,1,1,1,75,1,1125,10
4,1,1,1,99,3,7,3
4,1,1,1,70,1,6,0
4,1,1,3,85,2,1125,35
2,1,1,1,115,1,1125,1
1,1.5,1,1,80,2,1125,8
1,2,1,1,40,4,365,1
1,1,1,1,47,1,1125,3
6,1,2,5,149,1,365,32
2,1.5,1,1,95,2,1125,2
2,1,0,1,110,2,1125,14
4,1,2,2,139,2,1125,6
5,1,1,4,150,1,29,44
2,1,1,1,50,2,1125,47
6,1,2,3,134,2,365,29
1,1,1,1,25,7,1125,2
1,1,1,1,28,3,120,0
1,1,1,1,90,1,1125,0
2,1,1,1,90,2,1125,6
2,1,1,1,65,1,1125,41
3,1,1,2,89,3,30,13
2,1,1,1,85,2,45,5
2,1,1,1,100,2,1125,6
3,1,1,1,85,3,1125,51
1,1,1,1,50,1,1125,1
2,1.5,1,1,88,2,60,11
4,1,1,1,109,2,1125,40
1,1,1,1,275,2,2,0
5,2.5,3,3,290,3,30,31
4,1,2,2,175,2,4,4
2,1.5,1,1,117,1,1125,1
6,2.5,3,3,350,3,1125,0
2,1,1,1,89,2,7,169
3,1,1,1,50,1,1125,1
4,1,1,2,150,3,1125,11
2,1,1,1,90,2,1125,1
8,2.5,2,4,199,2,1125,15
2,1,1,1,104,1,1125,44
4,1,1,2,115,2,90,59
2,1,1,1,75,1,1125,1
4,1,1,1,112,2,1125,53
3,1,1,1,149,14,1125,7
4,1,1,3,200,1,1125,1
2,1,1,2,120,2,1125,4
4,1,2,2,200,1,1125,0
5,2,2,2,209,5,365,26
1,1,1,1,70,14,60,0
4,1,2,2,120,1,7,10
4,1.5,2,2,150,3,1125,1
4,1,2,2,95,1,1125,0
2,1,1,2,110,2,14,1
3,1,1,1,122,2,365,69
16,1,1,2,60,3,60,0
7,3.5,3,4,650,1,1125,0
2,1,1,1,60,2,4,6
2,2,1,1,125,3,1125,14
2,1,2,2,149,3,270,3
6,2.5,2,2,140,1,1125,7
2,1,1,1,168,2,30,14
8,2.5,3,3,189,2,1125,0
2,2,1,1,75,2,1120,114
1,1,1,1,82,2,90,28
4,2.5,2,2,179,2,1125,28
2,1,1,1,72,3,365,45
2,1,1,1,95,2,31,43
4,2,1,2,145,3,1125,18
2,1,1,1,60,1,14,250
2,1,1,2,60,1,30,0
2,1,1,1,70,1,14,4
2,1,1,2,75,2,21,17
2,1,1,1,60,1,1125,0
3,1,0,1,135,1,1125,5
2,1,1,1,56,1,1125,0
2,2.5,1,1,65,1,180,93
2,1,1,1,75,2,7,68
4,1,1,2,98,1,1125,4
1,1,1,1,65,2,5,7
4,1,1,2,500,1,1125,0
2,1.5,1,1,89,1,1125,59
1,1,1,1,300,1,2,0
6,2.5,3,3,249,3,1125,4
2,1,1,1,60,1,1125,4
4,1.5,1,2,79,2,31,33
2,1,1,1,60,2,1125,1
2,1,1,1,89,1,1125,61
2,1,1,1,55,2,1125,3
2,1,1,2,75,5,30,0
3,1,1,1,100,1,5,3
4,1,2,2,400,2,6,0
2,1,1,1,60,1,1125,7
2,1,1,1,75,3,1125,45
2,1,1,1,65,1,1125,51
6,2,2,3,165,2,1125,33
6,1,2,3,115,1,180,24
2,1.5,1,1,85,2,1125,2
2,1,1,1,60,1,7,2
8,2,2,4,2000,1,1125,0
2,1,1,1,90,2,14,13
4,1,1,1,150,1,1125,0
2,1,1,1,89,2,10,311
8,3.5,4,3,250,1,1125,18
2,1,1,1,89,3,30,42
2,1,1,1,90,2,1125,4
3,1,1,2,110,1,1125,39
2,1,1,1,100,3,1125,1
2,1,1,2,80,1,1125,0
2,1,1,1,100,2,1125,1
2,1,0,1,500,1,1125,0
5,1,2,2,400,1,1125,6
8,1.5,4,4,285,2,1125,12
4,1.5,1,2,110,2,1125,2
4,1,2,3,99,2,150,23
4,1.5,2,2,125,5,100,2
2,1,1,1,55,2,1125,3
3,1,1,1,120,2,7,1
2,1,1,1,130,1,1125,1
2,1,1,1,71,1,1125,16
6,2.5,2,2,250,1,1125,0
3,1,1,2,80,1,1125,0
3,1,1,2,105,1,6,2
2,1,1,1,99,1,30,61
2,1,1,1,75,2,1125,20
4,1.5,3,2,146,1,1125,8
4,1,1,2,99,2,12,0
6,1,1,2,60,2,730,2
2,1.5,1,1,90,1,1125,2
4,2,2,2,125,1,1125,1
4,1,1,1,80,1,30,26
2,1,1,1,68,1,1125,2
2,1,1,1,155,1,1125,0
4,1,1,3,105,4,30,1
2,1.5,1,1,79,1,1125,2
4,2,2,2,124,2,1125,1
2,1,1,1,99,1,1125,52
6,1,1,4,140,2,30,142
2,2,1,1,100,3,1125,13
5,2.5,1,2,140,1,1125,0
3,1,1,1,75,7,180,24
3,1,1,1,400,1,1125,0
10,3.5,3,3,375,2,1125,2
2,1.5,1,1,129,2,1125,2
2,1,1,1,79,1,1125,5
2,1,1,1,68,3,1125,24
2,1,1,1,79,28,365,208
1,2,1,1,99,2,365,26
4,1,1,3,75,1,1125,1
4,1,1,2,105,3,1125,21
3,1,2,2,80,1,150,2
2,1,1,1,95,2,1125,16
6,1,2,3,225,1,1125,36
2,1,1,1,85,2,1125,24
2,1.5,1,1,70,1,1125,28
1,1,1,1,69,1,1125,8
2,1,1,1,79,1,1125,10
2,1.5,1,1,95,2,1125,3
2,1,1,1,95,1,14,0
8,2.5,3,3,450,1,1125,9
6,1,2,3,500,3,6,0
2,1,1,1,118,2,1125,9
8,2.5,2,5,195,2,1125,2
2,1,0,1,99,1,1125,0
2,2,1,1,130,3,1125,32
6,2.5,3,3,165,1,1125,0
10,2.5,3,4,350,2,1125,0
2,1.5,1,1,129,1,1125,2
1,1,1,1,78,2,1125,4
3,2,3,3,900,3,7,0
6,2,3,3,249,2,1125,14
2,1,1,2,125,1,1125,0
6,2.5,2,2,199,2,1125,4
8,1,2,4,130,2,30,25
4,1,1,1,75,1,1125,6
3,1,2,2,125,1,61,24
4,1,1,1,140,1,1125,12
2,1,1,1,50,1,7,3
4,1,1,2,150,2,1125,3
4,1,1,2,150,1,1125,4
2,1,0,1,115,1,1125,92
1,1.5,1,1,45,2,4,0
2,1,1,1,40,1,1125,0
15,3.5,5,10,749,3,30,0
5,2.5,3,3,150,2,1125,2
2,2,1,1,120,1,1125,1
2,1,0,1,115,1,1125,30
5,2.5,2,2,215,5,7,0
6,1.5,3,3,250,2,1125,1
4,1,1,1,480,1,1125,0
4,1,2,2,160,1,70,50
4,1,1,2,119,1,1125,4
4,1,1,1,398,2,30,0
2,1,1,1,79,2,1125,9
4,1.5,1,1,62,1,1125,1
3,1,1,1,120,3,1125,0
4,1,1,1,60,2,1125,1
4,1,2,2,100,1,1125,0
2,1,1,1,68,2,365,43
4,1,1,2,95,1,1125,4
9,2.5,3,6,399,1,45,24
4,2,2,2,125,2,1125,13
2,1,0,1,95,2,21,88
2,1,1,1,69,2,42,16
2,1,1,1,75,1,1125,0
2,1,1,1,50,1,1125,1
2,1,1,1,200,1,1125,2
1,1,1,1,88,7,14,0
4,1,1,3,100,1,1125,3
4,1,1,1,75,5,9,0
3,1,0,1,95,3,1125,11
2,1,1,1,110,2,1125,15
2,1.5,1,1,80,1,1125,1
5,1.5,3,3,120,3,1125,0
2,2,1,1,120,2,1125,10
1,1,1,1,65,1,10,3
4,1,1,2,175,2,31,29
3,1,1,1,85,1,7,1
2,1,2,2,90,2,1125,2
4,1,1,1,125,2,1125,42
2,1,1,1,95,1,29,17
8,2,3,7,300,1,1125,62
2,1,1,1,110,2,1125,2
6,2,2,3,249,2,1125,10
3,1,1,1,200,1,1125,3
1,1,1,1,90,1,1125,0
2,1.5,1,1,64,1,1125,1
8,2,3,4,200,1,1125,0
2,1,1,1,130,1,1125,2
2,1.5,1,1,65,1,1125,1
2,1,1,1,128,1,1125,1
2,1,1,2,79,1,1125,1
3,1,1,1,95,1,90,111
4,1,1,2,129,1,1125,7
4,1,1,2,110,4,1125,5
4,1,1,1,85,3,5,26
3,1,1,2,85,1,1125,7
4,1,1,2,90,1,1125,3
4,1,1,2,120,1,1125,6
3,1,1,1,100,1,1125,4
2,1,1,1,150,2,6,0
2,2.5,1,1,110,1,1125,11
2,1,1,1,150,1,1125,0
2,1.5,1,1,72,1,1125,1
2,1,1,1,88,1,30,48
4,1,1,2,110,2,1125,26
2,1,1,1,100,2,30,45
1,1,1,1,100,1,1125,1
4,1,1,2,150,2,1125,1
4,1,1,1,110,2,1125,0
2,2,1,1,55,1,21,171
4,2.5,2,3,200,3,28,44
15,4,5,9,245,3,30,0
2,2,1,1,49,2,7,10
2,1,1,1,140,2,14,9
2,1,2,2,500,1,1125,0
6,1,2,2,109,3,1125,2
2,1,1,1,70,1,1125,14
1,1,0,1,75,4,20,1
2,1,1,1,85,1,1125,0
2,1,1,1,120,1,1125,1
4,1,1,2,70,2,1125,35
6,2.5,3,3,199,1,14,10
5,2.5,2,2,299,1,1125,16
2,1,1,1,130,1,1125,3
3,1,0,2,110,2,31,1
5,2,2,3,217,3,730,19
6,2,3,4,345,3,9,0
2,1,1,1,59,1,1125,3
1,1,1,2,75,1,1125,5
4,1,2,2,165,2,1125,2
6,1,2,3,138,2,365,68
2,1,1,2,68,1,90,20
2,1,1,1,95,2,1125,6
4,2,2,2,114,4,1125,2
3,1,1,2,115,2,1125,2
3,1,1,1,90,1,3,1
4,1,1,2,90,2,1125,0
4,1,1,2,150,2,1125,22
2,1,1,1,90,1,1125,98
2,1,1,1,120,2,1125,15
2,1.5,1,1,85,2,120,3
2,1,1,1,30,2,28,0
2,1,0,2,95,1,1125,5
2,1,1,1,60,1,15,5
2,1,1,2,85,3,1200,1
2,1,1,1,50,1,3,8
2,1,0,1,120,1,1125,8
3,2,2,1,140,2,1125,7
4,1,2,1,299,2,1125,5
3,1,1,1,85,1,92,2
6,2,2,3,175,1,1125,62
6,1,2,2,165,3,30,0
4,1,1,2,54,1,1125,53
2,1,1,1,49,2,30,23
4,1,1,2,129,2,7,16
3,1,1,1,110,3,365,34
4,1,1,2,150,4,1125,3
6,1,0,1,119,1,30,161
2,1,1,1,55,1,1125,8
4,1,1,2,168,3,14,31
1,1,1,1,55,5,1125,0
2,1,1,1,90,1,1125,6
2,1,0,1,105,1,1125,28
2,1,1,1,109,1,3,2
2,1,1,1,85,1,1125,9
3,1,1,1,120,1,1125,1
2,1,1,1,104,2,1125,19
2,1,0,1,90,2,180,5
2,1,1,1,97,1,1125,0
1,1,1,1,130,1,1125,0
2,2.5,1,1,100,1,4,1
3,1,1,2,85,1,2,0
2,1,1,1,89,4,1125,1
4,1,2,2,129,3,8,49
2,1,1,1,90,1,1125,0
1,1.5,1,1,67,5,60,22
3,1.5,1,2,89,1,30,40
2,1,1,2,63,1,1125,13
2,1,0,1,65,2,1125,13
3,2,3,2,120,1,1125,0
4,2,2,2,85,7,30,6
2,1,0,1,99,2,1125,31
4,1,3,3,250,5,1125,0
8,1.5,3,5,425,3,27,3
3,1,0,1,65,2,7,1
2,1,1,1,59,2,2000,92
4,2,2,2,175,3,1125,0
1,1,1,1,49,4,180,0
2,1,1,1,69,1,1125,6
3,1,1,1,171,3,1125,0
7,2.5,2,4,209,2,1125,10
2,1,0,1,70,1,1125,0
2,1,1,1,94,1,1125,0
1,1,1,1,25,1,1125,1
2,1,1,1,60,1,14,12
4,1,1,1,149,1,1125,5
5,2,1,1,136,7,14,1
2,1,0,1,90,1,1125,9
2,1,1,1,95,1,1125,13
7,2,3,3,750,2,2,0
2,1,1,1,95,2,1125,10
4,1,1,2,80,2,13,2
2,1,1,2,101,5,1125,4
2,1,1,1,90,2,1125,12
1,1,1,1,40,2,1125,105
4,1,2,2,124,3,1125,11
2,1,1,1,75,1,1125,7
2,1,1,1,70,1,7,33
2,1,1,1,85,2,1125,13
2,2,1,1,70,1,1125,1
2,1,1,1,109,3,1125,25
3,1,1,2,98,1,1125,1
5,2.5,2,3,280,2,30,1
2,1,1,1,80,3,180,2
2,1,1,1,65,1,1125,1
2,1,1,1,65,2,1125,113
2,1,1,1,152,2,7,12
2,1.5,2,1,125,7,1125,0
4,1,0,2,94,1,30,51
4,1,1,2,135,2,1125,64
4,1,2,3,220,2,1125,4
2,1,1,1,125,1,1125,22
3,1,0,2,125,3,1125,15
2,1,0,1,135,3,365,13
4,1,1,2,143,1,60,32
2,1,1,1,149,4,365,8
2,1,1,1,100,1,1125,9
2,1,1,2,115,1,1125,3
2,1,0,1,100,1,1125,0
2,1,0,1,148,3,1125,0
2,1,1,1,90,1,1125,4
2,1,1,1,103,2,1125,45
2,1,1,1,85,1,1125,0
2,1,1,1,80,1,1125,10
2,1,1,1,100,2,40,14
2,1,1,1,75,1,1125,30
6,2,2,3,250,5,730,0
2,1,1,1,115,2,1125,6
2,1,1,1,48,1,1125,4
4,1,1,2,120,2,14,4
4,1,1,1,117,4,60,15
5,2,2,2,145,2,1125,12
6,1,2,2,148,1,1125,54
8,4.5,4,4,600,1,1125,32
2,1,1,1,53,1,1125,0
6,2,2,2,199,1,3,25
1,1,0,1,60,1,1125,0
3,1,1,1,145,2,1125,0
2,1,1,1,99,5,1125,0
6,1,2,3,150,1,1125,1
2,1,0,2,65,1,1125,1
5,1,2,3,119,3,1125,10
4,1,2,2,145,3,1125,4
2,1,1,1,80,1,1125,3
4,1,1,2,125,1,1125,5
3,1,1,1,75,2,1125,1
2,1,0,1,100,2,1125,2
4,1,1,2,125,1,1125,16
2,1,1,1,75,1,1125,8
1,1,1,1,90,1,5,2
2,1,1,1,115,1,1125,14
2,1.5,1,1,75,2,30,25
5,1,2,2,225,2,1125,0
1,0.5,1,1,45,1,1125,3
2,1,0,1,125,1,9,12
6,1,2,2,200,1,1125,0
4,1,1,1,90,3,21,1
1,,1,,40,1,1125,0
5,2,2,2,258,3,1125,0
2,1,1,1,65,2,1125,2
2,1,1,1,49,1,1125,5
8,2,3,5,450,3,730,10
8,2.5,3,4,325,2,14,16
3,1,1,1,150,1,1125,1
2,1,1,1,50,1,1125,0
2,2,1,1,56,2,1125,4
7,1,1,3,178,1,1125,3
2,1,,1,129,3,900,14
6,1,2,4,120,2,1125,0
2,1,0,1,80,1,9,5
3,1,1,1,99,2,93,27
4,1,1,2,100,1,1125,4
6,1.5,3,3,135,3,1125,4
2,1,1,1,125,1,1125,1
1,1,1,1,55,2,14,1
2,1,1,1,79,1,1125,4
3,1,2,2,99,1,1125,4
3,1,1,1,85,2,30,38
2,1,0,1,155,2,1125,9
3,1,0,2,95,3,30,0
4,1,1,2,70,14,1125,0
5,2,2,2,225,3,1125,39
2,1,1,2,105,3,1125,3
2,1,1,1,70,1,30,2
5,2.5,2,2,315,4,12,0
2,1,1,1,110,1,1125,0
4,1,1,2,99,2,7,12
2,1,0,1,105,1,1125,0
4,1,1,2,125,1,1125,9
6,2,2,2,200,2,1125,5
2,1,1,1,100,3,1125,6
2,1,1,1,119,4,14,3
4,2.5,3,3,220,3,80,8
2,1,1,1,75,2,1125,8
2,1.5,1,2,160,2,14,1
2,2.5,1,1,118,2,730,206
4,1,2,2,108,3,180,1
1,1,1,1,75,1,1125,2
2,1,1,1,59,1,1125,1
2,1,1,1,82,1,1125,25
4,1.5,1,1,550,1,1,0
3,1,1,2,120,1,1125,8
4,1,1,2,110,3,20,15
8,2.5,5,5,300,1,1125,2
4,1,0,2,85,1,7,1
8,1.5,3,3,279,1,1125,0
2,1,1,1,180,3,1125,1
4,2,2,2,279,7,365,1
2,1,1,1,65,2,1125,8
6,2,3,5,190,2,365,7
7,1,2,3,181,3,150,48
5,1,1,2,125,2,365,24
2,1,0,1,93,3,6,10
1,1,1,1,100,1,3,2
2,2.5,1,1,99,2,730,175
2,1,1,1,120,1,1125,0
2,1,1,1,109,2,1125,20
3,1,1,2,100,2,12,8
2,1,1,1,100,1,1125,6
2,1.5,1,1,99,1,1125,0
4,1,1,1,140,2,18,3
6,2.5,2,2,154,2,10,18
2,1,1,1,70,1,1125,2
4,1,1,1,98,2,1125,24
3,1,1,1,90,1,1125,11
2,1,1,1,100,3,1125,18
2,1,1,1,60,2,4,4
3,1,1,1,130,1,1125,6
2,1,0,1,105,1,2000,8
6,2,3,3,600,1,1125,0
3,1,1,1,250,2,1125,1
2,1,1,1,75,1,1125,0
4,1,1,2,99,4,35,14
10,4,6,8,499,2,1125,8
2,1,0,1,110,1,1125,8
2,1,1,1,69,1,1125,3
2,1,1,1,85,5,1125,35
2,1,1,1,85,2,1125,4
1,1,1,2,150,1,7,6
12,4,5,6,595,3,30,0
4,2,2,2,160,1,1125,0
3,1,1,1,145,2,1125,66
2,1,1,1,100,3,1125,4
2,1,0,1,115,3,1125,9
2,1,1,1,89,1,1125,56
1,1,2,2,76,1,1125,6
2,1,0,1,70,2,1125,0
6,1.5,3,3,329,4,700,29
2,,1,1,100,2,2,0
2,1,0,1,100,1,1125,2
2,1,1,1,100,2,30,1
2,1.5,1,1,149,3,366,2
2,1,0,1,89,1,1125,11
4,1,1,2,119,1,1125,38
2,1,1,1,100,2,30,6
3,1,1,1,109,1,1125,84
6,1,2,3,100,3,1125,10
2,1,0,2,85,1,1125,0
4,1.5,2,2,90,3,66,23
2,1.5,1,1,100,1,14,16
2,1,1,2,105,1,1125,0
8,1,3,3,129,1,14,138
2,1,1,1,150,1,1125,1
4,1,0,1,110,2,1125,7
2,1,1,1,60,2,1125,0
2,1,1,1,130,4,1125,4
2,1,0,1,120,4,1125,8
2,1,0,1,85,2,1125,4
3,1,1,2,110,3,21,5
3,1,1,1,60,1,1125,3
2,1,1,1,72,3,30,8
4,1,1,1,99,2,14,2
3,1,1,2,120,2,4,0
2,1,1,1,95,1,1125,21
1,1,1,1,60,2,21,6
2,1,1,1,100,7,365,14
1,1,1,1,60,2,1125,3
2,1,1,1,60,1,1125,0
1,1.5,1,1,150,1,1125,3
4,1,1,3,119,2,300,52
4,1,1,2,199,2,1125,2
3,1,1,1,139,3,365,20
4,1,1,2,50,1,1125,0
6,2,2,3,175,5,1125,0
1,1.5,1,1,85,2,1125,0
1,1,1,1,45,1,1125,2
3,1,0,2,95,2,14,2
2,1,1,1,115,2,1125,2
2,1,1,1,75,2,1125,12
5,1,1,1,120,2,1125,92
4,1,1,2,119,1,3,1
6,2,2,3,209,3,720,22
3,1,1,1,96,2,120,4
2,1,1,1,139,1,1125,14
1,1,1,1,65,1,30,6
2,1,1,1,190,1,1125,5
2,1,1,1,85,1,1125,15
2,1,0,1,90,2,1125,0
2,1,1,1,80,4,14,96
8,3.5,4,4,325,3,21,5
2,1,1,1,89,1,1125,0
2,1,1,1,66,1,1125,46
5,1,2,3,145,3,30,0
1,1,1,1,54,1,210,0
3,1,3,3,165,3,30,0
4,2,2,2,225,1,1125,1
4,2.5,2,2,399,2,1125,0
4,2,2,2,179,2,1125,8
1,1,1,1,35,15,1125,9
1,1,1,1,80,2,1125,9
5,2,1,2,85,4,365,4
2,1,1,1,100,2,40,16
4,1,1,2,109,2,29,15
6,1,1,2,150,1,1125,0
2,1,1,1,129,5,30,11
2,1,1,1,75,1,1125,0
3,1,0,2,89,2,365,70
2,1,0,1,99,3,120,19
6,1,2,4,160,2,1125,4
6,1,2,4,175,1,1125,18
2,1,1,1,120,1,1125,18
2,1,1,1,95,1,1125,5
4,1,1,2,109,3,30,0
4,1,1,1,189,3,1125,35
1,1.5,1,1,200,1,1125,1
1,1,1,1,31,1,6,3
2,1,1,1,80,1,1125,2
4,1,0,1,100,1,1125,4
2,1,0,1,110,2,30,3
2,1,1,1,90,2,1125,12
2,1.5,1,1,50,3,12,1
2,1,1,1,120,1,1125,0
2,1,1,1,75,1,1125,1
4,1,1,3,100,2,1125,1
2,1,1,1,54,2,1125,0
1,0.5,1,1,50,1,1125,1
2,1,1,1,100,1,1125,0
2,1,0,1,80,1,3,0
5,1,2,2,300,3,30,0
4,1,1,1,109,2,730,106
2,1,1,1,55,1,1125,34
2,1,0,1,92,1,1125,2
3,1,0,1,98,1,1125,2
2,1,1,1,60,1,1125,3
3,1,1,1,95,1,1125,0
2,1,1,1,125,4,1125,0
4,2,2,3,200,1,1125,0
2,1,1,1,125,1,1125,11
7,2.5,3,3,150,1,1125,12
1,1,1,1,49,1,1125,8
2,1,1,1,135,3,1125,0
3,1,1,1,250,1,1125,0
2,1,0,2,87,1,1125,7
2,1.5,1,1,75,1,1125,0
2,1,0,1,101,2,3,10
4,2,2,2,267,1,1125,0
5,1,2,2,175,2,1125,19
6,1,2,5,175,1,1125,13
2,1,1,1,105,2,1125,3
4,1,1,1,115,1,1125,13
4,1,1,3,144,2,10,5
1,1,1,1,90,20,1125,7
2,1,1,3,155,1,1125,4
3,1,1,2,125,1,200,19
2,1.5,1,1,119,1,730,25
4,1,1,1,105,1,10,4
2,1,1,1,87,1,10,0
2,1.5,1,1,50,1,1125,26
4,1,1,2,79,5,45,31
1,1,1,1,46,1,1125,0
4,1,1,3,109,1,1125,13
6,2,3,3,499,3,14,2
3,1,0,2,100,3,1125,5
6,2,2,4,175,3,7,0
2,1,0,1,130,1,7,13
4,1,1,2,90,2,1125,4
2,1,1,1,55,1,7,16
2,1,1,1,65,1,1125,5
2,1,1,1,87,1,1125,3
2,1,1,1,80,4,14,30
4,1,1,2,149,1,1125,0
2,2.5,1,1,105,2,730,142
2,2.5,1,1,95,2,730,184
1,1,1,2,75,1,2,7
3,1,1,1,115,1,4,6
6,1,3,3,150,1,1125,19
2,1,0,1,105,1,20,3
4,1,1,1,85,4,1125,2
3,1,1,1,125,1,1125,37
4,2.5,2,2,500,1,3,0
6,2,2,3,209,2,1125,54
6,2,2,4,295,1,1125,9
2,1.5,1,1,64,1,7,46
3,1,1,2,134,7,14,0
4,1,1,1,104,1,1125,2
1,1,1,1,95,7,14,0
2,1,1,1,85,1,1125,0
4,1,0,1,109,2,1125,5
2,1,0,2,95,1,7,2
4,1,2,2,195,1,1125,12
2,1,1,1,99,1,1125,55
2,1,0,1,70,5,17,2
5,2,2,2,249,3,365,13
1,1,1,1,111,1,1125,7
2,1,1,1,65,7,365,1
6,3.5,3,4,395,2,1125,67
2,1,2,2,65,1,1125,1
3,1,1,1,126,2,1125,4
1,1,1,1,90,1,1125,1
2,1,1,1,120,10,30,15
2,1,1,1,70,2,1125,0
6,1.5,3,4,126,1,1125,3
2,1,1,1,65,1,5,4
3,2.5,2,1,139,2,1125,5
2,1,1,2,80,1,1125,0
2,1,1,1,115,1,1125,0
2,1.5,1,1,65,3,60,35
5,1,1,3,120,2,1125,7
2,1,1,1,89,1,1125,0
2,1,1,1,80,2,1125,30
8,2,3,6,300,1,1125,22
2,1,1,1,105,2,30,16
4,1,1,2,115,3,1125,0
3,1,1,1,140,1,1125,4
2,1,1,1,50,1,1125,8
4,1,0,1,90,2,1125,14
2,1,1,1,140,3,730,19
2,1,1,1,110,1,365,10
8,2.5,3,3,199,1,1125,0
2,1,1,1,85,7,1125,0
2,1.5,0,1,110,1,1125,1
2,1,1,1,125,1,7,0
2,1,1,1,95,1,1125,0
3,1,1,1,99,2,1125,77
3,1,1,1,129,2,1125,10
2,1,1,1,65,1,1125,0
2,1,1,1,115,2,1125,0
4,1,3,2,149,1,1125,33
2,1.5,1,1,135,2,14,2
8,1.5,4,4,325,2,1125,23
2,1,0,1,100,2,1125,0
2,1,1,1,79,1,1125,3
2,1,1,1,95,2,30,3
4,2,2,1,200,1,1125,0
7,2,2,3,375,3,1125,0
2,2.5,1,1,75,2,7,76
4,1,1,2,114,1,1125,1
2,1,1,1,115,2,1125,3
6,2,3,6,2000,1,3,0
4,1.5,2,2,200,2,1125,2
1,1,1,1,89,1,90,8
6,2,2,2,150,2,1125,0
4,2.5,3,2,150,4,1125,1
3,1,1,1,85,2,1125,7
6,1,2,5,175,1,1125,11
3,1,1,2,70,2,1125,122
4,1,1,2,99,1,30,22
5,2,2,2,125,2,60,49
2,1,1,1,49,1,180,3
5,1,1,2,79,3,1125,5
2,1,0,1,99,2,1125,46
2,1,1,1,70,1,1125,0
3,1,1,1,101,1,30,4
3,1,0,1,99,2,14,45
5,1,2,3,119,2,21,78
6,1,1,2,100,3,1125,20
6,3.5,3,3,1400,2,5,0
6,1,2,3,175,4,365,0
8,2.5,3,4,220,1,1125,6
1,1,1,1,60,1,1125,0
3,1,0,1,91,2,1125,19
4,1,2,2,160,1,1125,0
2,1,1,1,110,1,1125,0
3,1,1,2,75,2,1125,29
2,1,1,1,65,2,1125,18
2,1.5,1,1,500,1,3,0
2,1,1,1,100,2,1125,5
2,1,1,1,79,1,1125,5
1,1.5,1,1,80,1,1125,0
2,1.5,1,1,55,2,1125,0
2,1,1,1,65,2,1125,25
3,1,1,2,70,1,1125,2
2,1,1,1,185,1,1125,0
2,1,1,1,75,2,1125,0
2,2,1,2,85,1,1125,3
6,1,3,3,130,2,365,41
2,1,1,1,84,2,14,7
2,1.5,1,1,45,2,1125,1
9,2.5,4,6,203,3,365,105
6,2,2,2,160,3,14,1
2,1,1,2,120,1,1125,0
6,3,6,6,250,6,12,0
2,1.5,1,1,80,3,1125,0
2,1,1,2,60,2,1125,54
6,1.5,3,3,229,2,15,9
2,1.5,1,1,67,2,14,18
2,1,0,1,115,1,365,1
4,1,1,2,80,1,1125,1
2,1,1,1,250,1,1125,0
2,1,1,1,72,2,1125,23
1,1,1,1,175,1,1125,0
2,1,1,1,55,2,14,13
2,1,1,1,60,2,1125,19
2,1,1,1,65,2,1125,32
5,1,1,4,105,2,1125,47
3,1,0,2,98,2,1125,12
9,2.5,4,6,155,1,1125,1
4,1,1,1,84,2,3,1
4,1,1,2,95,1,1125,54
2,1,1,1,89,1,1125,4
2,1,0,1,65,2,1125,14
4,1.5,2,3,200,3,14,5
2,1,0,1,100,2,1125,6
6,1,2,3,225,1,30,0
2,1,1,1,45,1,1125,0
5,1,1,2,125,2,1125,2
12,3.5,4,7,599,1,1125,0
2,1,1,2,89,1,1125,3
2,1,1,1,120,3,14,0
10,4.5,4,4,225,2,10,8
4,1,1,2,110,2,1125,39
2,1,1,1,185,1,1125,0
4,1,1,1,105,2,1125,30
2,1,1,1,65,2,1125,57
5,1,0,3,80,1,1125,67
2,1,1,1,75,2,90,22
1,1,1,1,50,1,1125,2
5,2.5,3,3,268,1,1125,1
3,1,1,1,75,1,14,43
10,4,4,7,500,2,1125,0
1,1,1,1,85,1,1125,3
4,1,1,3,68,1,1125,135
5,2,3,3,250,3,1125,0
1,1.5,1,1,43,3,21,1
4,1,0,2,65,2,1125,1
1,1,1,1,49,1,30,6
8,1,3,4,125,2,1125,18
4,1,1,2,90,1,1125,46
3,2.5,2,2,90,3,1125,0
1,1,1,1,50,1,2000,2
2,1,1,1,130,1,1125,0
1,1,1,1,104,1,1125,2
4,1,1,1,155,2,14,9
2,1,1,1,60,1,29,5
2,1,1,1,89,14,1125,2
5,1,2,2,130,1,1125,13
2,1,1,1,55,2,1125,1
4,2,1,1,100,1,1125,1
4,2,1,2,155,1,1125,0
12,6,6,6,2000,1,1125,0
2,1,1,1,125,2,1125,0
4,1,1,3,185,2,29,3
5,1,1,2,148,2,30,82
2,1,0,1,100,1,1125,6
1,1,1,1,40,1,1125,0
3,1.5,1,1,69,1,365,18
6,2.5,1,4,99,1,30,129
1,1,1,1,50,1,1125,3
4,1,1,2,175,2,365,5
2,1,1,1,150,1,1125,1
2,1,1,1,79,1,1125,3
2,1,1,1,900,1,1125,0
2,1,1,2,65,3,134,3
1,1.5,1,2,150,1,1125,0
8,2,2,3,170,1,380,23
2,1,1,1,90,1,30,3
1,1,1,1,89,2,5,6
3,1,1,2,35,1,1125,0
2,1,1,1,80,3,14,5
2,1,1,1,60,1,1125,2
2,1,1,1,69,6,28,7
1,1,1,1,50,2,1125,5
3,1,1,1,57,1,5,1
2,1,0,1,139,2,5,12
2,2,1,2,100,1,1125,0
2,1,0,2,80,1,1125,0
2,1,1,1,90,2,14,4
4,1,0,2,95,1,1125,32
6,1,1,4,113,1,365,237
1,1,1,1,80,1,1125,0
5,2,1,2,450,1,1125,0
2,1,1,1,100,1,1125,1
4,1,1,1,115,1,7,8
2,1.5,1,1,69,1,365,8
3,1,1,1,80,1,120,0
3,1,1,3,120,7,1125,2
3,1.5,1,1,69,1,365,43
3,1,1,2,99,10,60,7
4,1,1,1,95,7,30,13
2,1,0,2,68,7,1125,0
4,1,1,2,100,3,1125,1
2,1,1,1,140,3,10,1
4,2.5,2,3,170,3,9,1
3,1,1,1,105,1,1125,7
2,1,1,1,67,2,1125,0
7,1,3,4,400,1,25,0
3,1,0,1,75,1,4,2
2,1,1,1,150,1,1125,0
2,1,0,1,110,3,1125,0
5,2,3,3,150,2,10,2
3,1,0,1,64,4,1125,1
2,1,0,1,200,3,60,2
2,1,0,1,70,1,1125,2
1,1,1,1,80,1,300,0
2,1,0,1,97,1,1125,1
2,1,1,1,125,1,1125,0
9,2.5,4,5,400,2,1125,28
1,1,0,1,54,1,1125,0
1,1,1,1,75,1,1125,26
2,1,0,1,99,1,30,118
1,1,1,1,70,1,1125,3
2,1,1,1,75,2,5,0
2,1,1,1,140,1,1125,9
2,1,0,1,160,2,28,44
3,1,1,1,139,1,30,0
4,1,0,1,95,1,1125,1
4,1,1,1,115,2,1125,4
2,1,1,1,95,2,1125,0
6,3,3,3,500,1,1125,0
3,1,1,1,95,1,4,0
5,1,2,2,175,1,1125,0
2,1,0,1,99,2,30,38
2,1,0,1,85,1,1125,45
2,1,1,1,115,1,1125,0
6,1.5,3,3,435,3,1125,6
2,1,1,1,125,2,1125,0
4,1,1,2,98,1,1125,8
4,1,1,2,119,14,21,1
2,1,1,1,80,1,3,0
2,1,1,1,90,3,10,7
2,1,1,1,149,3,1125,24
3,1,0,2,105,1,1125,1
2,1,1,1,125,1,1125,0
3,1,1,2,50,1,1125,2
1,1,1,1,99,2,1125,26
2,1,0,1,70,2,20,0
2,1,1,1,120,1,1125,0
4,1,1,2,99,1,1125,2
4,1,1,2,185,20,650,0
6,1,1,3,150,2,1125,66
2,1,1,1,150,1,1125,2
1,1,1,1,96,4,7,0
2,1,1,1,79,1,1125,0
2,1,0,1,150,3,365,0
4,1,1,1,109,1,1125,0
2,1,0,1,100,1,1125,0
3,1,1,1,120,3,14,2
2,1,0,1,100,1,1125,0
2,1,1,1,150,2,1125,8
2,1,0,1,115,1,1125,3
2,1,1,1,200,2,6,12
2,1,1,1,95,2,1125,4
2,1,1,1,205,1,10,13
2,1,1,1,100,3,1125,8
2,1,0,1,99,1,5,1
4,1,1,1,104,1,1125,4
2,1,1,1,89,2,23,4
3,1,1,1,125,1,1125,8
4,1,1,2,115,3,1125,7
4,1,2,2,185,2,1125,1
2,1,1,1,85,3,1125,1
2,1,0,1,99,1,1125,16
2,1,1,1,125,3,1125,11
2,1,1,1,66,1,1125,33
3,2,2,2,150,3,1125,4
5,1,1,1,69,1,1125,0
5,1,2,3,250,1,1125,15
6,2.5,2,3,350,3,999,14
6,2.5,3,3,440,2,60,20
2,1,0,1,100,3,1125,2
2,1,1,2,169,4,40,4
2,1,1,1,120,1,1125,0
4,1,1,2,190,2,1125,31
4,1,1,1,120,1,1125,88
1,1,1,1,85,1,1125,17
2,1,1,1,170,2,14,0
6,2,2,3,250,2,1125,0
2,2,1,1,129,1,326,0
10,1,3,5,289,2,1125,17
2,1,1,1,75,1,90,95
8,1.5,3,4,250,2,1125,1
3,2,2,2,159,5,1125,2
4,1,2,3,165,2,30,14
4,1,2,2,205,1,1125,0
1,1.5,1,1,65,1,1125,3
1,0,1,1,58,3,180,7
4,1,1,1,150,3,10,44
2,1,1,1,100,1,1125,17
2,1,1,1,140,3,730,5
2,1,0,1,60,1,1125,4
2,1,1,1,80,1,1125,1
2,1,1,1,109,1,5,7
2,1,1,1,130,4,30,44
2,1,1,1,109,2,1125,44
10,3.5,4,6,499,3,89,19
3,1,0,2,85,1,28,56
2,1,0,1,125,3,125,36
1,1,0,1,90,3,1125,4
5,1,1,3,160,2,29,33
4,1,0,2,150,1,1125,28
6,1,2,3,175,3,1125,5
2,1,1,1,80,2,1125,122
4,1.5,2,2,239,4,1125,14
9,1.5,3,6,375,3,1125,21
6,2.5,3,3,500,1,1125,0
2,1,0,1,90,15,1000,15
4,1,1,2,115,3,60,63
6,2.5,2,3,285,2,1125,22
4,1,1,2,140,4,1125,0
2,1,1,1,125,1,1125,0
4,1,1,2,140,3,1125,5
4,1,1,2,125,1,1125,28
6,2,2,3,295,3,1125,16
2,1,1,1,90,1,1125,6
2,1,1,1,175,2,14,0
5,1.5,2,2,170,1,1125,4
2,2.5,1,1,115,6,14,5
8,1.5,3,5,299,3,999,9
6,,3,,2000,4,4,0
4,1.5,1,1,130,5,31,29
6,2.5,3,2,500,2,10,7
2,2,1,1,121,1,1125,22
3,1,1,1,94,1,12,50
2,1,1,1,85,1,60,8
2,1,1,1,114,2,65,12
6,1.5,2,2,205,2,30,3
2,1,1,1,200,1,1125,0
2,1,1,1,185,2,14,1
2,1.5,1,1,185,2,14,6
4,1,1,2,200,1,1125,0
2,1,1,2,217,7,180,0
2,1,1,1,89,1,1125,0
3,1,1,1,125,2,365,123
4,1,1,2,134,3,1125,5
4,1,1,1,46,5,365,1
6,1,2,3,200,3,1125,28
8,2.5,4,5,350,4,1125,1
4,1,1,2,175,3,90,0
2,1,1,1,125,1,1125,3
5,1,1,4,159,2,1125,10
6,1,2,2,140,3,365,7
4,1,1,1,175,3,90,2
4,1,1,2,95,1,1125,1
2,1,1,1,109,3,1125,18
6,2,3,4,253,2,1125,5
2,1,0,1,100,1,1125,3
4,2,2,3,220,3,365,42
9,2,4,7,300,2,1125,30
2,1,1,1,135,4,365,99
2,2,1,1,70,3,365,74
3,1,,1,150,2,1125,26
2,1,1,1,65,1,1125,16
6,2.5,3,4,295,5,1125,0
2,1,0,1,110,1,1125,9
3,1,1,1,160,1,1125,16
4,1,2,2,130,2,30,3
6,2,2,2,245,3,1125,26
6,1,1,3,191,1,180,198
3,1,1,1,229,1,1125,7
3,1,1,1,150,4,365,1
2,1,1,1,75,1,1125,12
2,1,1,1,150,1,1125,0
4,1,0,3,125,3,1125,49
8,1.5,3,3,175,2,30,68
4,1,0,1,129,1,1125,48
4,1,1,1,115,1,29,100
6,2.5,2,2,115,21,1000,1
2,1,1,2,120,5,1125,8
13,4.5,5,5,295,3,1125,1
4,1,1,2,100,2,1125,48
6,1,2,3,220,1,1125,0
6,3.5,3,2,350,4,7,0
5,1.5,2,2,230,1,1125,2
5,1.5,1,3,180,3,60,3
6,2.5,3,3,375,3,10,0
2,1,1,1,95,4,60,56
2,1,1,1,135,2,1125,24
4,1,1,3,175,3,1125,2
2,1,1,1,150,7,360,1
1,1,1,1,165,1,1125,0
4,1,1,2,118,3,1125,0
2,1.5,1,1,130,2,19,0
4,1,1,2,125,2,29,45
5,2.5,3,3,265,2,7,0
2,1,1,1,125,1,1125,0
6,2.5,2,2,235,3,9,5
4,1,0,2,149,1,1125,25
6,3.5,3,4,220,9,1125,0
4,2,2,2,500,1,1125,0
2,1,1,1,128,1,10,61
3,1,1,2,200,2,7,37
2,1,1,1,120,2,1125,9
4,1,1,2,120,2,1125,23
4,1.5,2,2,175,1,1125,6
2,1,1,1,100,3,1125,5
6,1.5,3,3,350,3,90,2
2,1.5,1,1,140,3,30,11
2,1,1,1,150,2,1125,11
6,1.5,2,3,200,10,1125,0
3,1,0,1,145,2,1125,89
1,1,1,1,85,1,1125,3
4,1,2,2,250,2,1125,1
1,1,1,1,90,1,1125,3
4,1,1,1,195,3,90,2
3,1,1,1,120,3,60,49
2,1,1,1,150,2,1125,35
4,2,1,2,90,1,1125,2
2,1,1,1,50,3,7,0
2,1,1,1,145,3,1125,5
2,1,1,1,96,1,1125,1
2,1,1,1,115,2,1125,1
2,1,1,1,100,1,6,104
3,1,1,1,139,4,1125,26
4,1.5,1,2,99,1,1125,9
4,1,1,3,180,3,1125,0
2,1,1,1,105,2,365,32
3,1,1,1,149,1,1125,35
4,1.5,2,2,175,3,1125,0
5,1.5,2,3,199,2,1125,4
11,2.5,3,6,180,1,1125,36
6,3.5,4,4,350,5,1125,0
6,2,2,3,280,1,1125,36
3,1,1,1,195,2,1125,3
4,1,1,2,149,1,1125,46
2,1,1,1,110,5,21,1
8,3,3,3,269,2,1125,8
3,1,1,2,99,1,29,13
1,1,1,1,75,2,1125,0
2,1,1,1,120,2,1125,5
5,1.5,2,3,139,3,1125,23
4,1,1,2,105,1,1125,8
8,2.5,3,4,300,3,365,101
6,1.5,2,3,210,4,365,0
4,1,1,2,133,3,999,11
4,1,1,1,105,3,31,1
1,1.5,1,1,85,1,1125,21
4,1,2,2,250,2,1125,11
3,1,0,1,85,3,1125,41
6,1,2,3,250,3,90,1
4,1,1,1,160,2,1125,0
2,1,1,1,100,1,1125,3
4,1,0,2,135,2,29,64
7,2.5,4,3,105,1,1125,2
2,1,1,1,250,1,1125,0
2,1,1,1,75,1,1125,0
2,1,1,2,100,2,1125,1
8,3.5,4,4,475,3,10,0
3,1.5,2,2,135,5,1125,1
4,1,0,3,90,1,8,56
4,1,1,2,90,3,365,76
2,1,0,1,180,2,28,25
2,2,1,1,110,1,1125,1
2,1.5,1,1,70,1,1125,2
6,1.5,3,4,275,3,1125,1
4,1,2,2,250,3,90,5
4,1,0,2,135,3,1125,0
3,1,0,1,175,3,90,1
10,3.5,4,5,1000,3,1125,0
2,1,1,1,70,3,1125,2
4,1,1,2,200,1,1125,0
6,2,3,3,325,3,1125,16
4,1,1,1,150,1,1125,12
5,1,0,4,110,2,400,1
3,2,1,1,200,1,365,9
2,1,1,2,80,4,1125,3
2,1,1,1,98,3,1125,4
2,2.5,1,1,95,3,365,51
2,1,1,1,95,2,30,166
2,1,1,1,44,1,365,1
3,1,1,2,80,2,10,3
3,1,1,2,175,3,365,99
2,1,1,1,275,3,1125,0
2,1,0,2,100,1,4,8
4,1,3,2,120,2,1125,21
2,1,0,1,115,2,1125,47
3,1,1,2,175,3,14,1
2,1,1,1,150,7,31,0
4,1,1,1,110,2,1125,25
1,1.5,1,1,100,3,1125,37
1,1,1,2,50,1,5,0
2,1,1,1,104,1,90,32
4,1,1,2,125,3,180,0
4,1,2,2,199,3,1125,32
5,1,2,3,135,3,999,16
3,1,1,1,114,2,90,4
4,1.5,2,2,190,1,1125,47
2,1,1,2,125,3,1125,1
5,1,2,2,212,1,31,0
2,1,0,1,225,3,28,2
2,1,1,1,125,2,8,46
4,1,1,2,129,3,31,45
6,1.5,2,2,200,1,1125,23
2,1,1,1,150,1,1125,24
2,1,1,1,115,2,1125,0
6,1.5,3,4,200,3,1125,13
3,1,1,1,99,3,1125,12
4,1,2,2,170,1,1125,3
7,2.5,3,4,535,3,999,16
1,1,1,1,85,2,1125,18
2,1,1,1,90,1,1125,14
5,1,1,2,175,2,730,53
4,2.5,2,2,199,2,1125,1
2,1,1,1,100,1,1125,4
5,2.5,3,3,250,4,1125,40
2,1,1,1,95,1,1125,59
4,1,0,2,160,1,100,96
2,1,0,1,175,1,7,6
1,1,1,1,42,1,1125,6
2,1,1,1,80,2,1125,49
2,1,1,1,108,1,90,46
4,1.5,2,2,150,1,1125,7
3,1,1,2,90,1,24,167
1,0,1,1,80,4,1125,0
4,1,1,2,185,4,1125,2
2,1,1,1,90,1,1125,1
2,1,1,1,120,1,365,85
4,1,1,1,105,3,365,76
4,1,0,2,100,1,1125,3
2,1,1,1,95,1,30,36
3,1,1,1,119,1,1125,3
2,1,1,1,90,1,1125,2
6,1.5,2,2,250,5,1125,1
2,1,1,2,100,2,1125,1
2,1,0,1,165,3,30,5
4,1,1,2,123,2,120,8
8,3.5,3,5,350,2,1125,7
2,1,1,2,100,6,1125,0
6,1.5,3,3,350,3,1125,0
2,1,1,2,99,1,1125,0
6,1,2,3,186,2,365,14
4,1,1,2,180,1,1125,0
4,1,1,2,175,3,30,106
2,1,1,1,125,1,1125,1
2,1,1,1,70,1,1125,1
2,1,1,1,150,2,30,24
4,1,2,3,293,4,120,15
1,1,1,1,109,1,1125,3
1,1,1,1,100,1,1125,0
6,2.5,2,4,125,1,1125,3
4,1,1,2,145,3,60,0
2,1,1,1,70,1,6,177
3,1,1,2,75,2,1125,0
2,1,1,2,180,2,1125,102
4,1.5,3,2,220,3,1125,7
4,1,2,3,189,4,200,11
2,1,1,1,90,3,1125,0
4,1.5,2,2,250,1,1125,4
6,2,2,2,365,3,999,15
6,2,1,3,275,3,90,7
5,1,1,2,97,1,1125,51
6,2,2,2,159,3,365,100
3,1,0,1,135,2,1125,17
2,1,1,1,99,10,700,14
2,1,1,1,129,1,120,5
2,1,0,1,120,1,1125,199
2,1,1,2,70,2,1125,115
4,1,1,2,165,1,1125,0
5,1,3,3,125,3,3,8
3,1,1,1,109,1,1125,8
1,1,1,1,139,1,1125,3
5,1,1,1,150,1,1125,1
7,2,3,3,285,2,1125,8
4,1,1,2,135,3,60,19
2,2,1,1,79,3,365,36
6,1,2,3,275,2,2147483647,12
2,1,1,1,179,2,21,48
3,1,0,1,110,2,1125,1
